Date, Open, High, Low, Close, Volume
02/22/22, 96.00, 96.00, 96.00, 96.00, 100
02/18/22, 96.00, 96.00, 96.00, 96.00, 500
02/16/22, 95.00, 95.00, 95.00, 95.00, 300
02/09/22, 92.00, 92.00, 92.00, 92.00, 100
02/08/22, 92.25, 92.25, 92.25, 92.25, 100
02/02/22, 92.00, 92.00, 92.00, 92.00, 100
01/28/22, 101.00, 101.00, 101.00, 101.00, 100
01/27/22, 100.00, 100.00, 100.00, 100.00, 500
01/24/22, 95.00, 95.00, 95.00, 95.00, 100
01/21/22, 98.00, 98.00, 98.00, 98.00, 300
01/20/22, 100.00, 100.00, 100.00, 100.00, 100
01/14/22, 99.00, 99.00, 99.00, 99.00, 500
01/13/22, 98.00, 98.00, 98.00, 98.00, 300
01/12/22, 97.50, 97.50, 97.50, 97.50, 300
01/11/22, 96.00, 99.00, 96.00, 97.25, 1600
01/07/22, 92.00, 92.00, 92.00, 92.00, 200
01/06/22, 90.00, 90.00, 90.00, 90.00, 200
01/04/22, 90.00, 90.00, 90.00, 90.00, 100
01/03/22, 99.50, 99.50, 99.50, 99.50, 100
12/29/21, 95.00, 97.75, 95.00, 95.50, 600
12/23/21, 89.00, 89.00, 89.00, 89.00, 300
12/22/21, 90.00, 90.00, 90.00, 90.00, 500
12/07/21, 90.00, 90.00, 90.00, 90.00, 100
11/19/21, 82.00, 82.00, 82.00, 82.00, 500
11/08/21, 85.00, 85.00, 80.00, 81.00, 2500
11/05/21, 85.00, 85.00, 85.00, 85.00, 100
11/03/21, 85.00, 85.00, 85.00, 85.00, 500
11/02/21, 85.00, 85.00, 85.00, 85.00, 100
11/01/21, 90.00, 90.00, 90.00, 90.00, 500
10/27/21, 85.00, 85.00, 85.00, 85.00, 500
10/26/21, 85.00, 85.00, 85.00, 85.00, 100
10/18/21, 85.00, 95.00, 85.00, 87.50, 1600
10/15/21, 88.50, 88.50, 87.00, 88.00, 1600
10/13/21, 87.25, 87.25, 87.25, 87.25, 100
10/12/21, 89.00, 89.00, 89.00, 89.00, 100
10/05/21, 89.00, 89.75, 89.00, 89.75, 1300
10/04/21, 89.75, 89.75, 89.75, 89.75, 300
10/01/21, 89.75, 89.75, 89.75, 89.75, 200
09/28/21, 90.00, 90.00, 90.00, 90.00, 600
09/24/21, 92.00, 92.00, 90.00, 90.75, 3000
09/23/21, 90.00, 90.00, 90.00, 90.00, 100
09/17/21, 90.00, 90.00, 90.00, 90.00, 700
09/16/21, 90.00, 90.00, 90.00, 90.00, 400
09/15/21, 90.00, 90.00, 90.00, 90.00, 100
09/14/21, 88.50, 88.50, 88.50, 88.50, 3100
09/09/21, 88.50, 88.50, 88.50, 88.50, 6800
09/08/21, 88.50, 88.50, 88.50, 88.50, 100
09/06/21, 90.00, 90.00, 90.00, 90.00, 400
08/30/21, 83.00, 89.50, 83.00, 88.50, 600
08/24/21, 82.00, 82.00, 82.00, 82.00, 100
08/18/21, 82.00, 82.00, 82.00, 82.00, 200
08/17/21, 82.00, 82.00, 82.00, 82.00, 500
08/16/21, 85.00, 85.00, 82.00, 82.25, 1000
08/13/21, 85.00, 85.00, 85.00, 85.00, 200
08/10/21, 85.00, 85.00, 85.00, 85.00, 500
08/09/21, 87.00, 87.00, 87.00, 87.00, 200
08/06/21, 87.00, 87.00, 87.00, 87.00, 2200
08/03/21, 89.50, 89.50, 89.50, 89.50, 600
08/02/21, 89.00, 89.00, 89.00, 89.00, 100
07/30/21, 89.00, 89.00, 89.00, 89.00, 200
07/29/21, 89.00, 89.00, 85.00, 85.50, 800
07/28/21, 89.00, 89.00, 89.00, 89.00, 100
07/27/21, 89.00, 89.00, 89.00, 89.00, 300
07/26/21, 89.00, 89.00, 89.00, 89.00, 6500
07/23/21, 90.00, 90.00, 90.00, 90.00, 100
07/22/21, 90.00, 90.00, 90.00, 90.00, 100
07/21/21, 101.00, 101.00, 90.00, 92.00, 6500
07/19/21, 98.00, 98.00, 98.00, 98.00, 100
07/16/21, 98.00, 98.00, 98.00, 98.00, 100
07/15/21, 93.50, 99.00, 93.50, 98.25, 7400
07/14/21, 93.50, 93.50, 93.50, 93.50, 500
07/09/21, 85.00, 85.00, 85.00, 85.00, 100
07/08/21, 94.00, 94.00, 85.00, 85.50, 6800
07/07/21, 94.00, 94.00, 94.00, 94.00, 8500
07/06/21, 94.00, 94.00, 94.00, 94.00, 1400
07/05/21, 94.00, 94.00, 94.00, 94.00, 100
07/02/21, 94.00, 94.50, 94.00, 94.25, 1500
07/01/21, 89.00, 94.00, 89.00, 90.00, 900
06/30/21, 85.00, 89.00, 85.00, 86.75, 1800
06/28/21, 85.00, 85.00, 85.00, 85.00, 300
06/25/21, 80.50, 85.00, 80.50, 82.75, 200
06/21/21, 80.00, 80.00, 80.00, 80.00, 300
06/17/21, 82.25, 82.25, 82.25, 82.25, 300
06/16/21, 82.25, 82.25, 82.25, 82.25, 300
06/15/21, 80.00, 80.00, 80.00, 80.00, 800
06/14/21, 82.00, 82.00, 80.00, 80.75, 2700
06/11/21, 82.00, 82.00, 82.00, 82.00, 700
06/09/21, 81.00, 82.25, 81.00, 82.25, 1300
06/08/21, 82.25, 82.25, 82.25, 82.25, 500
06/07/21, 81.00, 81.00, 81.00, 81.00, 200
06/04/21, 81.00, 81.00, 81.00, 81.00, 100
06/03/21, 82.25, 82.25, 82.25, 82.25, 100
05/31/21, 82.25, 82.25, 80.00, 80.50, 1300
05/27/21, 80.00, 80.00, 80.00, 80.00, 100
05/24/21, 82.25, 82.25, 82.25, 82.25, 100
05/18/21, 80.00, 82.25, 80.00, 81.50, 4700
05/17/21, 80.00, 82.25, 80.00, 80.00, 5100
05/12/21, 82.50, 82.50, 82.00, 82.25, 1000
05/11/21, 82.50, 82.50, 82.50, 82.50, 300
04/30/21, 82.00, 86.00, 82.00, 82.50, 900
04/28/21, 82.00, 82.00, 82.00, 82.00, 5700
04/23/21, 81.50, 85.00, 81.25, 82.00, 4700
04/22/21, 85.00, 85.00, 81.00, 81.25, 5400
04/21/21, 85.00, 85.00, 85.00, 85.00, 100
04/15/21, 89.00, 89.00, 89.00, 89.00, 500
04/14/21, 82.50, 82.50, 82.50, 82.50, 4000
04/13/21, 89.00, 89.00, 89.00, 89.00, 400
04/07/21, 81.00, 81.00, 81.00, 81.00, 100
04/01/21, 90.00, 90.00, 84.00, 87.00, 200
03/30/21, 84.00, 84.00, 84.00, 84.00, 500
03/29/21, 84.00, 84.00, 84.00, 84.00, 300
03/25/21, 84.00, 84.00, 84.00, 84.00, 1000
03/24/21, 84.00, 84.00, 84.00, 84.00, 500
03/23/21, 84.00, 85.00, 84.00, 84.50, 2700
03/19/21, 84.00, 85.00, 84.00, 85.00, 5800
03/18/21, 84.00, 84.00, 84.00, 84.00, 100
03/15/21, 78.25, 78.25, 78.25, 78.25, 100
03/09/21, 80.00, 80.00, 78.00, 78.25, 700
02/26/21, 85.00, 85.00, 85.00, 85.00, 200
02/25/21, 84.00, 84.00, 84.00, 84.00, 300
02/24/21, 84.00, 84.00, 84.00, 84.00, 200
02/22/21, 81.00, 81.00, 81.00, 81.00, 100
02/19/21, 84.00, 84.00, 84.00, 84.00, 800
02/18/21, 80.00, 80.00, 80.00, 80.00, 100
02/17/21, 84.00, 84.00, 84.00, 84.00, 500
02/16/21, 85.00, 85.00, 85.00, 85.00, 100
02/09/21, 78.00, 78.00, 78.00, 78.00, 5200
02/04/21, 78.00, 78.00, 78.00, 78.00, 1000
02/02/21, 78.00, 78.00, 78.00, 78.00, 300
01/28/21, 78.00, 78.00, 78.00, 78.00, 10000
01/26/21, 79.00, 79.00, 79.00, 79.00, 300
01/25/21, 80.00, 80.00, 80.00, 80.00, 500
01/22/21, 79.25, 79.25, 79.00, 79.00, 600
01/21/21, 79.50, 79.50, 79.00, 79.25, 500
01/20/21, 79.50, 79.50, 79.50, 79.50, 300
01/19/21, 80.00, 80.00, 80.00, 80.00, 200
01/12/21, 80.00, 80.00, 80.00, 80.00, 600
01/11/21, 78.00, 78.00, 78.00, 78.00, 800
01/08/21, 78.00, 78.00, 78.00, 78.00, 100
01/07/21, 78.00, 78.00, 78.00, 78.00, 100
12/30/20, 78.00, 78.00, 78.00, 78.00, 200
12/23/20, 71.00, 71.00, 71.00, 71.00, 1100
12/22/20, 71.00, 71.00, 71.00, 71.00, 300
12/15/20, 71.00, 71.00, 71.00, 71.00, 100
12/14/20, 71.00, 71.00, 71.00, 71.00, 500
12/11/20, 71.00, 71.00, 71.00, 71.00, 200
12/08/20, 71.00, 71.00, 71.00, 71.00, 5200
12/07/20, 71.00, 71.00, 71.00, 71.00, 1300
12/04/20, 71.00, 71.00, 71.00, 71.00, 700
12/02/20, 71.00, 71.00, 71.00, 71.00, 100
12/01/20, 71.00, 71.00, 71.00, 71.00, 1300
11/27/20, 71.00, 71.00, 71.00, 71.00, 300
11/26/20, 72.00, 72.00, 71.00, 71.50, 600
11/19/20, 72.00, 72.00, 68.50, 71.50, 700
11/17/20, 72.00, 79.50, 72.00, 75.75, 200
11/12/20, 79.50, 79.50, 79.50, 79.50, 100
11/11/20, 80.00, 80.00, 80.00, 80.00, 200
11/10/20, 80.00, 80.00, 80.00, 80.00, 700
11/05/20, 80.00, 80.00, 80.00, 80.00, 200
11/04/20, 80.00, 80.00, 80.00, 80.00, 500
11/03/20, 80.00, 80.00, 80.00, 80.00, 100
11/02/20, 80.00, 80.00, 80.00, 80.00, 100
10/30/20, 80.00, 80.00, 80.00, 80.00, 200
10/29/20, 80.00, 80.00, 80.00, 80.00, 900
10/27/20, 80.00, 80.00, 80.00, 80.00, 200
10/26/20, 75.00, 75.00, 75.00, 75.00, 100
10/16/20, 75.00, 75.00, 75.00, 75.00, 500
10/06/20, 80.00, 81.50, 80.00, 80.50, 300
10/05/20, 80.00, 80.00, 80.00, 80.00, 100
09/21/20, 81.50, 81.50, 81.50, 81.50, 100
09/15/20, 80.00, 80.00, 80.00, 80.00, 300
09/11/20, 75.00, 75.00, 75.00, 75.00, 100
09/10/20, 82.00, 82.00, 82.00, 82.00, 100
09/02/20, 78.50, 78.50, 77.00, 78.00, 300
08/20/20, 85.00, 85.00, 85.00, 85.00, 100
08/19/20, 85.25, 85.25, 85.25, 85.25, 100
08/18/20, 80.00, 86.00, 80.00, 81.50, 400
08/13/20, 80.00, 80.00, 80.00, 80.00, 100
08/12/20, 82.00, 82.00, 80.00, 80.25, 1100
08/07/20, 79.50, 79.50, 79.50, 79.50, 2600
08/05/20, 81.00, 81.00, 78.75, 79.50, 2200
08/04/20, 81.00, 84.00, 81.00, 82.50, 200
07/29/20, 90.00, 90.00, 89.00, 89.75, 1000
07/27/20, 89.00, 89.00, 89.00, 89.00, 100
07/20/20, 90.00, 90.00, 90.00, 90.00, 100
07/17/20, 85.00, 90.00, 85.00, 88.50, 700
07/07/20, 83.00, 83.00, 83.00, 83.00, 200
07/01/20, 83.00, 83.00, 83.00, 83.00, 200
06/26/20, 83.00, 83.00, 83.00, 83.00, 100
06/25/20, 79.00, 79.00, 79.00, 79.00, 100
06/11/20, 79.00, 79.00, 79.00, 79.00, 800
06/10/20, 79.00, 79.00, 79.00, 79.00, 1100
06/08/20, 79.00, 79.00, 79.00, 79.00, 100
06/04/20, 72.00, 72.00, 72.00, 72.00, 100
05/29/20, 79.00, 79.00, 79.00, 79.00, 200
05/28/20, 79.00, 79.00, 79.00, 79.00, 200
05/27/20, 79.00, 79.00, 79.00, 79.00, 300
05/26/20, 79.00, 79.00, 79.00, 79.00, 100
05/14/20, 79.00, 79.00, 79.00, 79.00, 200
05/12/20, 72.00, 72.00, 72.00, 72.00, 800
05/04/20, 70.00, 70.00, 70.00, 70.00, 500
04/24/20, 71.00, 71.00, 64.00, 66.50, 500
04/22/20, 71.00, 71.00, 71.00, 71.00, 100
04/07/20, 71.00, 71.00, 71.00, 71.00, 100
03/25/20, 65.00, 65.00, 65.00, 65.00, 200
03/24/20, 62.00, 62.00, 62.00, 62.00, 300
03/23/20, 62.00, 62.00, 62.00, 62.00, 500
03/20/20, 65.00, 65.00, 65.00, 65.00, 200
03/19/20, 64.50, 64.50, 59.00, 62.75, 1500
03/17/20, 67.50, 67.50, 64.50, 65.00, 500
03/16/20, 72.00, 72.00, 70.00, 71.50, 500
03/11/20, 75.00, 75.00, 75.00, 75.00, 300
03/04/20, 78.00, 78.00, 78.00, 78.00, 100
02/28/20, 78.00, 78.00, 78.00, 78.00, 700
02/26/20, 78.00, 83.00, 76.25, 78.00, 800
02/21/20, 83.00, 83.00, 83.00, 83.00, 200
02/17/20, 83.00, 83.00, 83.00, 83.00, 100
02/14/20, 82.00, 83.00, 80.00, 82.00, 1300
02/13/20, 80.50, 81.00, 80.00, 80.50, 400
02/12/20, 81.00, 81.00, 81.00, 81.00, 400
02/10/20, 81.00, 81.00, 81.00, 81.00, 200
02/07/20, 81.00, 81.00, 81.00, 81.00, 1300
02/06/20, 81.25, 82.00, 81.00, 81.25, 300
02/05/20, 80.00, 80.00, 80.00, 80.00, 300
01/29/20, 77.50, 77.50, 77.50, 77.50, 400
01/28/20, 77.50, 77.50, 77.50, 77.50, 300
01/27/20, 77.50, 77.50, 77.50, 77.50, 300
01/24/20, 81.50, 83.00, 80.00, 81.50, 1000
01/22/20, 80.00, 80.00, 80.00, 80.00, 1000
01/17/20, 78.50, 80.00, 76.00, 78.50, 800
01/09/20, 75.00, 75.00, 75.00, 75.00, 300
01/06/20, 80.00, 80.00, 80.00, 80.00, 100
12/30/19, 80.00, 80.00, 80.00, 80.00, 200
12/27/19, 80.00, 80.00, 80.00, 80.00, 200
12/20/19, 75.25, 75.25, 75.25, 75.25, 1300
12/19/19, 75.25, 75.25, 75.00, 75.25, 500
12/18/19, 75.00, 75.00, 75.00, 75.00, 1000
12/17/19, 75.25, 75.50, 75.00, 75.25, 1400
12/16/19, 75.00, 75.00, 75.00, 75.00, 200
12/13/19, 75.25, 75.25, 75.00, 75.25, 1500
12/11/19, 75.00, 76.00, 75.00, 75.00, 1700
12/10/19, 75.00, 75.00, 75.00, 75.00, 800
12/09/19, 75.00, 75.00, 75.00, 75.00, 100
12/06/19, 73.25, 74.00, 73.00, 73.25, 2100
11/27/19, 75.00, 75.00, 75.00, 75.00, 1000
11/26/19, 72.00, 72.00, 72.00, 72.00, 100
11/25/19, 72.00, 72.00, 72.00, 72.00, 100
11/22/19, 75.00, 75.00, 75.00, 75.00, 700
11/20/19, 74.50, 75.00, 73.00, 74.50, 400
11/19/19, 72.25, 73.00, 72.00, 72.25, 2600
11/18/19, 73.00, 73.00, 73.00, 73.00, 1000
11/15/19, 73.00, 73.00, 73.00, 73.00, 400
11/13/19, 73.00, 73.00, 73.00, 73.00, 100
11/12/19, 72.00, 73.00, 72.00, 72.00, 2600
11/11/19, 73.00, 73.00, 73.00, 73.00, 4900
11/08/19, 74.00, 75.00, 73.00, 74.00, 200
11/07/19, 79.25, 80.00, 75.00, 79.25, 700
11/06/19, 80.00, 80.00, 80.00, 80.00, 100
11/04/19, 75.25, 75.50, 75.00, 75.25, 1500
11/01/19, 76.75, 77.00, 75.00, 76.75, 1200
10/31/19, 75.00, 75.00, 75.00, 75.00, 100
10/30/19, 75.00, 75.00, 75.00, 75.00, 200
10/22/19, 77.00, 77.00, 77.00, 77.00, 100
10/17/19, 77.00, 77.00, 77.00, 77.00, 1200
10/16/19, 77.75, 78.50, 77.00, 77.75, 200
10/14/19, 78.50, 78.50, 78.50, 78.50, 100
10/11/19, 79.75, 81.00, 78.50, 79.75, 200
10/08/19, 78.25, 78.50, 78.25, 78.25, 600
10/04/19, 78.75, 79.00, 78.75, 78.75, 300
10/03/19, 78.75, 78.75, 78.75, 78.75, 100
10/02/19, 79.00, 79.00, 79.00, 79.00, 100
10/01/19, 76.00, 77.00, 76.00, 76.00, 700
09/26/19, 74.75, 74.75, 74.75, 74.75, 300
09/24/19, 74.75, 75.00, 74.00, 74.75, 1000
09/19/19, 70.00, 70.00, 70.00, 70.00, 100
09/18/19, 76.00, 76.00, 76.00, 76.00, 300
09/17/19, 76.00, 76.00, 76.00, 76.00, 100
09/05/19, 74.00, 74.00, 74.00, 74.00, 100
09/02/19, 70.50, 75.00, 70.00, 70.50, 1200
08/30/19, 73.00, 73.00, 73.00, 73.00, 100
08/28/19, 70.00, 70.00, 70.00, 70.00, 2200
08/26/19, 72.00, 72.00, 72.00, 72.00, 800
08/23/19, 70.00, 70.00, 70.00, 70.00, 400
08/22/19, 72.00, 72.00, 72.00, 72.00, 1700
08/19/19, 72.00, 72.00, 72.00, 72.00, 100
08/16/19, 73.00, 73.00, 73.00, 73.00, 100
08/15/19, 71.00, 72.00, 70.00, 71.00, 200
08/09/19, 74.50, 74.50, 74.50, 74.50, 100
08/08/19, 74.00, 74.00, 74.00, 74.00, 100
08/07/19, 82.00, 82.00, 82.00, 82.00, 300
08/02/19, 82.00, 82.00, 82.00, 82.00, 100
08/01/19, 82.00, 82.00, 82.00, 82.00, 1300
07/30/19, 91.00, 91.00, 91.00, 91.00, 200
07/29/19, 91.50, 95.00, 91.00, 91.50, 3000
07/26/19, 92.50, 94.00, 90.00, 92.50, 8300
07/25/19, 91.00, 92.00, 90.00, 91.00, 200
07/24/19, 91.25, 92.00, 90.00, 91.25, 700
07/23/19, 90.00, 90.00, 90.00, 90.00, 1800
07/22/19, 90.00, 92.00, 90.00, 90.00, 2500
07/19/19, 90.75, 91.00, 90.00, 90.75, 400
07/18/19, 90.00, 90.00, 90.00, 90.00, 1600
07/17/19, 91.00, 94.00, 89.50, 91.00, 800
07/16/19, 90.00, 90.00, 90.00, 90.00, 2600
07/15/19, 89.50, 90.00, 89.00, 89.50, 400
07/12/19, 89.00, 90.00, 89.00, 89.00, 1000
07/11/19, 88.75, 89.50, 87.00, 88.75, 1400
07/10/19, 88.50, 89.00, 88.00, 88.50, 200
07/09/19, 86.25, 88.00, 86.00, 86.25, 600
07/08/19, 87.75, 88.00, 87.50, 87.75, 300
07/05/19, 87.50, 88.00, 87.00, 87.50, 600
07/04/19, 85.75, 88.00, 82.00, 85.75, 1900
07/03/19, 81.75, 82.00, 81.50, 81.75, 600
07/01/19, 81.25, 82.50, 81.25, 81.25, 1600
06/28/19, 75.25, 81.25, 74.00, 75.25, 2100
06/26/19, 74.25, 74.50, 74.25, 74.25, 1600
06/20/19, 68.00, 68.00, 68.00, 68.00, 400
06/18/19, 67.00, 67.00, 67.00, 67.00, 100
06/17/19, 67.00, 67.00, 67.00, 67.00, 100
06/13/19, 62.00, 62.00, 62.00, 62.00, 600
05/21/19, 60.00, 60.00, 60.00, 60.00, 100
05/17/19, 60.00, 60.00, 60.00, 60.00, 4800
05/16/19, 60.00, 60.00, 60.00, 60.00, 200
05/08/19, 59.79, 63.00, 57.00, 59.79, 5600
05/07/19, 63.00, 63.00, 63.00, 63.00, 200
05/06/19, 63.25, 64.00, 63.00, 63.25, 1600
05/02/19, 64.25, 64.50, 64.00, 64.25, 500
04/30/19, 68.00, 68.00, 68.00, 68.00, 100
04/29/19, 67.25, 70.00, 64.50, 67.25, 200
04/26/19, 64.00, 64.00, 64.00, 64.00, 400
04/24/19, 64.00, 64.00, 64.00, 64.00, 200
04/23/19, 65.50, 66.00, 63.00, 65.50, 1100
04/17/19, 60.00, 61.00, 60.00, 60.00, 1000
04/16/19, 64.00, 69.50, 63.00, 64.00, 1500
04/12/19, 64.00, 69.50, 63.00, 64.00, 2400
04/11/19, 69.50, 69.50, 69.50, 69.50, 600
04/09/19, 69.50, 69.50, 69.50, 69.50, 600
04/08/19, 69.75, 69.75, 69.75, 69.75, 700
04/05/19, 69.75, 69.75, 69.75, 69.75, 600
04/04/19, 69.75, 69.75, 69.75, 69.75, 200
03/29/19, 69.25, 70.00, 69.00, 69.25, 2000
03/28/19, 70.00, 70.00, 70.00, 70.00, 3600
03/22/19, 69.25, 70.00, 68.00, 69.25, 3500
03/21/19, 69.75, 70.00, 69.50, 69.75, 200
03/20/19, 74.50, 74.50, 74.50, 74.50, 300
03/18/19, 68.00, 68.00, 68.00, 68.00, 1000
03/14/19, 75.50, 78.00, 75.00, 75.50, 1300
03/12/19, 79.00, 79.00, 79.00, 79.00, 100
03/11/19, 79.25, 79.50, 79.00, 79.25, 2700
03/08/19, 79.50, 79.50, 79.50, 79.50, 100
03/07/19, 79.50, 79.50, 79.50, 79.50, 500
03/05/19, 79.00, 79.00, 79.00, 79.00, 100
02/28/19, 80.00, 80.00, 80.00, 80.00, 500
02/26/19, 79.00, 80.00, 75.75, 79.00, 1400
02/21/19, 79.50, 79.50, 79.50, 79.50, 300
02/20/19, 79.50, 79.50, 79.50, 79.50, 400
02/19/19, 79.50, 79.50, 79.50, 79.50, 600
02/18/19, 79.50, 79.50, 79.50, 79.50, 300
02/15/19, 79.50, 79.75, 79.50, 79.50, 200
02/12/19, 79.50, 79.50, 79.50, 79.50, 100
02/07/19, 78.00, 78.00, 78.00, 78.00, 100
02/06/19, 75.00, 80.00, 74.50, 75.00, 2200
02/05/19, 73.00, 73.00, 73.00, 73.00, 100
02/01/19, 71.00, 71.25, 71.00, 71.00, 500
01/30/19, 72.00, 72.00, 72.00, 72.00, 200
01/29/19, 72.00, 72.00, 72.00, 72.00, 1100
01/22/19, 71.00, 71.00, 71.00, 71.00, 100
01/21/19, 71.00, 71.00, 71.00, 71.00, 100
01/18/19, 71.00, 71.00, 71.00, 71.00, 300
01/17/19, 71.00, 71.00, 71.00, 71.00, 700
01/16/19, 73.00, 74.00, 70.00, 73.00, 500
01/14/19, 67.75, 67.75, 67.75, 67.75, 1000
01/10/19, 72.50, 74.00, 70.00, 72.50, 300
01/09/19, 68.75, 69.50, 67.50, 68.75, 1400
01/07/19, 70.00, 70.50, 70.00, 70.00, 400
01/04/19, 74.50, 74.50, 74.50, 74.50, 1000
01/03/19, 75.00, 75.00, 75.00, 75.00, 200
01/02/19, 74.50, 74.50, 74.50, 74.50, 200
12/31/18, 75.00, 75.00, 75.00, 75.00, 1000
12/27/18, 80.00, 80.00, 80.00, 80.00, 300
12/20/18, 74.00, 74.00, 74.00, 74.00, 700
12/19/18, 74.00, 74.00, 74.00, 74.00, 1200
12/18/18, 74.00, 74.00, 74.00, 74.00, 200
12/17/18, 74.00, 74.00, 74.00, 74.00, 500
12/14/18, 74.00, 74.00, 74.00, 74.00, 100
12/11/18, 70.00, 70.00, 70.00, 70.00, 300
12/10/18, 75.00, 75.00, 75.00, 75.00, 300
12/07/18, 75.00, 75.00, 75.00, 75.00, 500
12/04/18, 75.00, 75.00, 75.00, 75.00, 900
12/03/18, 73.00, 75.00, 71.00, 73.00, 400
11/30/18, 75.00, 75.00, 75.00, 75.00, 100
11/29/18, 74.50, 75.00, 74.00, 74.50, 500
11/27/18, 74.00, 75.00, 72.00, 74.00, 300
11/26/18, 71.00, 71.00, 71.00, 71.00, 500
11/23/18, 75.00, 75.00, 75.00, 75.00, 300
11/21/18, 70.50, 71.00, 70.00, 70.50, 1200
11/20/18, 74.00, 75.00, 73.00, 74.00, 2200
11/19/18, 71.00, 71.00, 71.00, 71.00, 500
11/16/18, 71.00, 71.00, 71.00, 71.00, 500
11/15/18, 72.00, 77.00, 71.00, 72.00, 500
11/14/18, 77.00, 77.00, 77.00, 77.00, 400
11/12/18, 70.00, 70.00, 70.00, 70.00, 100
11/08/18, 72.00, 72.00, 72.00, 72.00, 100
11/07/18, 70.00, 70.00, 70.00, 70.00, 100
11/02/18, 74.00, 74.00, 74.00, 74.00, 100
10/31/18, 68.50, 74.00, 67.00, 68.50, 2400
10/29/18, 74.00, 74.00, 74.00, 74.00, 400
10/26/18, 74.00, 74.00, 74.00, 74.00, 1300
10/25/18, 68.50, 75.00, 67.00, 68.50, 2500
10/24/18, 74.00, 74.00, 74.00, 74.00, 1300
10/23/18, 73.50, 73.50, 73.50, 73.50, 100
10/19/18, 67.00, 67.00, 67.00, 67.00, 700
10/18/18, 74.00, 78.00, 69.50, 74.00, 2400
10/16/18, 77.00, 77.00, 77.00, 77.00, 300
10/15/18, 77.00, 78.00, 76.00, 77.00, 400
10/12/18, 78.00, 78.00, 78.00, 78.00, 300
10/09/18, 81.00, 81.00, 81.00, 81.00, 1300
10/05/18, 85.00, 85.00, 85.00, 85.00, 100
10/04/18, 85.00, 85.00, 85.00, 85.00, 300
10/01/18, 88.00, 88.00, 88.00, 88.00, 100
09/28/18, 86.00, 86.50, 86.00, 86.00, 900
09/27/18, 87.00, 88.00, 86.50, 87.00, 200
09/25/18, 90.00, 90.00, 90.00, 90.00, 400
09/24/18, 90.00, 90.00, 90.00, 90.00, 100
09/21/18, 94.00, 94.00, 94.00, 94.00, 400
09/20/18, 95.00, 95.00, 95.00, 95.00, 400
09/19/18, 95.50, 95.50, 95.50, 95.50, 2400
09/18/18, 95.50, 99.00, 95.00, 95.50, 1800
09/17/18, 100.00, 100.00, 100.00, 100.00, 1200
09/14/18, 99.00, 99.00, 99.00, 99.00, 900
09/13/18, 98.00, 99.00, 95.50, 98.00, 3300
09/11/18, 96.50, 99.00, 95.50, 96.50, 5300
09/10/18, 101.00, 101.00, 101.00, 101.00, 1600
09/06/18, 98.50, 100.00, 94.00, 98.50, 900
09/05/18, 95.00, 98.00, 95.00, 95.00, 3100
09/04/18, 96.00, 96.00, 96.00, 96.00, 1500
08/30/18, 96.00, 100.00, 95.00, 96.00, 2800
08/29/18, 95.00, 95.00, 95.00, 95.00, 800
08/28/18, 95.00, 98.00, 90.00, 95.00, 1700
08/27/18, 95.00, 96.00, 95.00, 95.00, 300
08/24/18, 98.00, 99.00, 95.00, 98.00, 1700
08/23/18, 96.50, 99.00, 95.00, 96.50, 3500
08/22/18, 95.00, 99.00, 95.00, 95.00, 9100
08/20/18, 99.00, 99.00, 99.00, 99.00, 3800
08/17/18, 99.00, 99.00, 99.00, 99.00, 500
08/16/18, 98.50, 100.00, 96.00, 98.50, 1600
08/15/18, 95.00, 95.00, 95.00, 95.00, 4900
08/14/18, 93.50, 95.00, 93.00, 93.50, 3500
08/13/18, 93.00, 93.00, 93.00, 93.00, 300
08/09/18, 93.00, 95.00, 93.00, 93.00, 2000
08/08/18, 90.50, 93.00, 90.00, 90.50, 800
08/07/18, 87.50, 90.00, 86.00, 87.50, 500
08/06/18, 86.50, 90.00, 85.00, 86.50, 800
08/03/18, 83.50, 83.50, 83.50, 83.50, 1600
08/02/18, 76.00, 90.00, 75.50, 76.00, 22000
07/26/18, 72.00, 72.00, 72.00, 72.00, 100
07/25/18, 75.50, 75.50, 75.50, 75.50, 100
07/23/18, 71.00, 71.00, 71.00, 71.00, 500
07/18/18, 71.00, 71.00, 71.00, 71.00, 200
07/06/18, 69.00, 69.00, 69.00, 69.00, 200
07/05/18, 69.00, 69.00, 69.00, 69.00, 100
07/04/18, 68.00, 68.00, 68.00, 68.00, 100
07/02/18, 69.00, 69.00, 69.00, 69.00, 300
06/28/18, 68.00, 68.00, 68.00, 68.00, 2300
06/27/18, 68.00, 68.00, 68.00, 68.00, 100
06/26/18, 68.00, 70.00, 68.00, 68.00, 2100
06/25/18, 70.00, 70.00, 70.00, 70.00, 100
06/20/18, 67.00, 67.00, 67.00, 67.00, 700
06/19/18, 67.00, 67.00, 67.00, 67.00, 100
06/14/18, 65.00, 65.00, 65.00, 65.00, 100
06/13/18, 68.00, 68.50, 68.00, 68.00, 1200
06/06/18, 70.00, 70.00, 70.00, 70.00, 2300
05/30/18, 67.00, 67.00, 67.00, 67.00, 200
05/29/18, 67.00, 67.00, 67.00, 67.00, 800
05/28/18, 67.00, 67.00, 67.00, 67.00, 300
05/14/18, 74.00, 74.00, 74.00, 74.00, 1000
05/10/18, 73.50, 73.50, 73.50, 73.50, 100
05/04/18, 74.00, 74.00, 74.00, 74.00, 600
05/03/18, 69.00, 69.00, 69.00, 69.00, 800
05/02/18, 69.00, 69.00, 69.00, 69.00, 200
04/27/18, 69.00, 69.00, 69.00, 69.00, 100
04/19/18, 70.00, 70.00, 70.00, 70.00, 100
04/18/18, 76.00, 76.00, 76.00, 76.00, 200
04/13/18, 76.00, 76.00, 76.00, 76.00, 100
04/12/18, 72.00, 72.00, 72.00, 72.00, 2000
03/26/18, 67.00, 67.00, 67.00, 67.00, 100
03/20/18, 74.00, 75.00, 68.50, 74.00, 1100
03/16/18, 72.00, 72.00, 72.00, 72.00, 100
03/12/18, 72.00, 74.00, 68.00, 72.00, 300
03/07/18, 74.00, 74.00, 74.00, 74.00, 200
03/06/18, 74.00, 74.00, 74.00, 74.00, 1300
03/02/18, 70.00, 70.00, 70.00, 70.00, 100
03/01/18, 72.00, 72.00, 72.00, 72.00, 100
02/28/18, 72.00, 72.00, 72.00, 72.00, 100
02/05/18, 72.00, 72.00, 72.00, 72.00, 700
02/02/18, 72.00, 72.00, 72.00, 72.00, 1000
02/01/18, 74.00, 74.00, 74.00, 74.00, 100
01/31/18, 72.00, 72.00, 72.00, 72.00, 500
01/29/18, 72.00, 72.00, 72.00, 72.00, 400
01/26/18, 74.50, 75.00, 74.50, 74.50, 200
01/25/18, 72.00, 72.00, 72.00, 72.00, 15500
01/23/18, 71.00, 71.50, 71.00, 71.00, 300
01/22/18, 72.00, 72.00, 72.00, 72.00, 100
01/19/18, 72.00, 72.00, 72.00, 72.00, 2000
01/18/18, 71.00, 72.00, 71.00, 71.00, 3400
01/17/18, 65.50, 65.50, 65.50, 65.50, 100
01/16/18, 70.00, 70.00, 70.00, 70.00, 100
01/15/18, 70.50, 71.00, 70.00, 70.50, 500
01/12/18, 70.00, 70.00, 70.00, 70.00, 400
01/11/18, 74.00, 74.00, 74.00, 74.00, 800
01/09/18, 72.00, 72.00, 72.00, 72.00, 100
01/05/18, 72.00, 72.00, 72.00, 72.00, 300
01/04/18, 66.00, 66.00, 66.00, 66.00, 300
01/02/18, 67.50, 70.00, 67.50, 67.50, 1000
12/29/17, 65.50, 71.00, 65.00, 65.50, 5600
12/18/17, 70.00, 70.00, 70.00, 70.00, 2000
12/15/17, 70.50, 71.50, 70.00, 70.50, 300
12/14/17, 71.00, 71.00, 71.00, 71.00, 400
12/13/17, 71.50, 72.00, 71.00, 71.50, 1800
12/08/17, 72.00, 72.00, 72.00, 72.00, 200
12/04/17, 76.00, 76.00, 76.00, 76.00, 200
11/22/17, 76.00, 76.00, 76.00, 76.00, 100
11/20/17, 71.00, 71.00, 71.00, 71.00, 1100
11/17/17, 71.00, 71.00, 71.00, 71.00, 9600
11/16/17, 70.00, 70.00, 70.00, 70.00, 2900
11/14/17, 70.00, 70.00, 70.00, 70.00, 200
11/13/17, 70.00, 70.00, 70.00, 70.00, 2200
11/10/17, 71.00, 74.00, 70.00, 71.00, 500
11/09/17, 74.00, 74.50, 73.00, 74.00, 5200
11/08/17, 79.00, 79.00, 79.00, 79.00, 200
11/07/17, 78.00, 78.00, 78.00, 78.00, 100
11/03/17, 79.00, 79.00, 79.00, 79.00, 100
11/01/17, 74.00, 74.00, 74.00, 74.00, 200
10/24/17, 80.00, 80.00, 80.00, 80.00, 100
10/23/17, 75.00, 75.00, 75.00, 75.00, 100
10/19/17, 80.00, 80.00, 80.00, 80.00, 100
10/18/17, 80.00, 80.00, 80.00, 80.00, 200
10/10/17, 80.00, 80.00, 80.00, 80.00, 200
10/03/17, 74.00, 74.00, 74.00, 74.00, 100
10/02/17, 81.00, 81.00, 81.00, 81.00, 400
09/29/17, 81.00, 81.00, 81.00, 81.00, 900
09/22/17, 74.00, 74.00, 74.00, 74.00, 1700
09/21/17, 80.00, 80.00, 80.00, 80.00, 100
09/19/17, 80.00, 80.00, 80.00, 80.00, 200
09/11/17, 81.00, 81.00, 81.00, 81.00, 100
09/06/17, 90.00, 90.00, 90.00, 90.00, 300
08/28/17, 90.00, 90.00, 90.00, 90.00, 400
08/24/17, 92.00, 92.00, 92.00, 92.00, 100
08/22/17, 92.00, 92.00, 92.00, 92.00, 200
08/21/17, 92.00, 96.00, 91.50, 92.00, 600
08/18/17, 91.50, 91.50, 91.50, 91.50, 200
08/17/17, 92.00, 97.00, 92.00, 92.00, 1100
08/16/17, 91.50, 92.00, 91.50, 91.50, 500
08/15/17, 91.50, 92.00, 84.50, 91.50, 1700
08/10/17, 84.00, 84.00, 84.00, 84.00, 200
08/04/17, 84.00, 84.00, 84.00, 84.00, 200
08/01/17, 84.00, 84.00, 84.00, 84.00, 100
07/28/17, 85.00, 85.00, 85.00, 85.00, 200
07/24/17, 85.00, 85.00, 85.00, 85.00, 600
07/21/17, 84.50, 84.50, 84.50, 84.50, 100
07/18/17, 85.00, 85.00, 85.00, 85.00, 100
07/17/17, 84.00, 85.00, 83.00, 84.00, 600
07/14/17, 85.00, 85.00, 85.00, 85.00, 100
07/12/17, 83.00, 83.00, 83.00, 83.00, 900
07/11/17, 84.50, 85.00, 84.00, 84.50, 300
07/10/17, 85.00, 85.00, 85.00, 85.00, 100
07/07/17, 80.00, 80.00, 80.00, 80.00, 500
07/05/17, 79.50, 80.00, 79.00, 79.50, 400
07/04/17, 79.00, 79.00, 79.00, 79.00, 100
06/30/17, 80.00, 80.00, 80.00, 80.00, 300
06/29/17, 80.00, 80.00, 80.00, 80.00, 100
06/28/17, 80.00, 80.00, 80.00, 80.00, 1500
06/27/17, 80.00, 80.00, 80.00, 80.00, 500
06/21/17, 75.00, 75.00, 75.00, 75.00, 500
06/20/17, 80.00, 80.00, 80.00, 80.00, 1000
06/19/17, 75.00, 75.00, 75.00, 75.00, 800
06/15/17, 72.00, 72.00, 72.00, 72.00, 1000
06/13/17, 80.00, 80.00, 80.00, 80.00, 1000
06/09/17, 80.00, 80.00, 80.00, 80.00, 700
06/08/17, 78.00, 78.00, 78.00, 78.00, 900
06/06/17, 80.00, 80.00, 80.00, 80.00, 2000
06/05/17, 78.00, 78.00, 78.00, 78.00, 1300
06/02/17, 79.00, 79.50, 79.00, 79.00, 3700
05/31/17, 80.00, 80.00, 80.00, 80.00, 400
05/29/17, 80.00, 80.00, 80.00, 80.00, 500
05/25/17, 78.00, 78.00, 78.00, 78.00, 200
05/24/17, 80.00, 80.00, 80.00, 80.00, 500
05/22/17, 77.00, 77.00, 77.00, 77.00, 100
05/17/17, 80.00, 80.00, 80.00, 80.00, 1100
05/09/17, 75.00, 75.00, 75.00, 75.00, 300
05/08/17, 75.00, 75.50, 75.00, 75.00, 2000
05/04/17, 79.00, 79.00, 79.00, 79.00, 100
04/27/17, 79.00, 79.00, 79.00, 79.00, 2000
04/18/17, 79.00, 79.00, 79.00, 79.00, 300
04/13/17, 72.50, 72.50, 72.50, 72.50, 100
03/29/17, 79.00, 79.00, 79.00, 79.00, 100
03/27/17, 79.00, 79.00, 79.00, 79.00, 500
03/23/17, 79.00, 79.00, 79.00, 79.00, 1000
03/13/17, 79.00, 79.00, 79.00, 79.00, 3000
03/08/17, 79.00, 79.00, 79.00, 79.00, 200
03/07/17, 80.00, 80.00, 80.00, 80.00, 200
03/06/17, 75.00, 75.00, 75.00, 75.00, 3600
02/28/17, 75.00, 75.00, 75.00, 75.00, 1500
02/23/17, 75.00, 75.50, 75.00, 75.00, 2200
02/22/17, 77.00, 77.00, 77.00, 77.00, 100
02/21/17, 78.00, 78.00, 78.00, 78.00, 3800
02/20/17, 77.00, 77.00, 77.00, 77.00, 200
02/16/17, 75.50, 78.00, 75.00, 75.50, 6800
02/14/17, 77.00, 77.00, 77.00, 77.00, 100
02/13/17, 75.00, 75.00, 75.00, 75.00, 200
02/10/17, 75.00, 75.00, 75.00, 75.00, 100
02/09/17, 75.00, 75.00, 75.00, 75.00, 2700
02/01/17, 76.00, 76.00, 76.00, 76.00, 200
01/30/17, 76.00, 76.00, 76.00, 76.00, 100
01/20/17, 77.00, 77.00, 77.00, 77.00, 200
01/17/17, 79.00, 79.00, 79.00, 79.00, 200
01/10/17, 79.00, 79.00, 79.00, 79.00, 100
01/09/17, 78.00, 78.00, 78.00, 78.00, 500
01/06/17, 79.00, 79.00, 79.00, 79.00, 500
12/30/16, 80.00, 80.00, 80.00, 80.00, 200
12/29/16, 80.00, 80.00, 80.00, 80.00, 3000
12/28/16, 80.00, 80.00, 80.00, 80.00, 400
12/20/16, 82.00, 82.00, 82.00, 82.00, 100
12/16/16, 80.00, 80.00, 80.00, 80.00, 2200
12/14/16, 80.00, 80.00, 80.00, 80.00, 300
12/09/16, 80.00, 80.00, 80.00, 80.00, 200
12/05/16, 80.00, 80.00, 80.00, 80.00, 6000
11/25/16, 80.00, 80.00, 80.00, 80.00, 400
11/24/16, 79.00, 80.00, 79.00, 79.00, 1500
11/23/16, 80.00, 80.00, 80.00, 80.00, 100
11/18/16, 79.00, 79.00, 79.00, 79.00, 200
11/17/16, 80.00, 80.00, 80.00, 80.00, 400
11/14/16, 80.00, 80.00, 80.00, 80.00, 400
11/09/16, 82.00, 82.00, 82.00, 82.00, 1200
11/08/16, 77.00, 77.00, 77.00, 77.00, 100
11/02/16, 85.00, 87.00, 84.00, 85.00, 400
11/01/16, 87.00, 87.00, 87.00, 87.00, 1000
10/31/16, 80.00, 80.00, 80.00, 80.00, 300
10/25/16, 84.00, 88.00, 80.00, 84.00, 200
10/24/16, 80.00, 80.00, 80.00, 80.00, 900
10/21/16, 75.00, 79.00, 75.00, 75.00, 5000
10/19/16, 79.00, 79.00, 79.00, 79.00, 100
10/12/16, 75.00, 75.00, 75.00, 75.00, 1500
10/05/16, 71.50, 71.50, 71.50, 71.50, 500
10/04/16, 75.00, 75.00, 75.00, 75.00, 100
10/03/16, 75.00, 75.00, 75.00, 75.00, 1900
09/28/16, 75.00, 75.00, 75.00, 75.00, 600
09/21/16, 75.00, 75.00, 75.00, 75.00, 200
09/13/16, 77.50, 77.50, 77.50, 77.50, 100
09/09/16, 77.50, 78.00, 77.00, 77.50, 300
09/08/16, 80.00, 80.00, 80.00, 80.00, 2300
09/05/16, 85.00, 85.00, 85.00, 85.00, 200
09/01/16, 85.00, 85.00, 85.00, 85.00, 1100
08/29/16, 85.00, 85.00, 85.00, 85.00, 1000
08/25/16, 85.00, 85.00, 85.00, 85.00, 1600
08/24/16, 80.00, 80.00, 80.00, 80.00, 300
08/23/16, 80.00, 80.00, 80.00, 80.00, 200
08/22/16, 85.00, 85.00, 85.00, 85.00, 800
08/19/16, 80.00, 80.00, 80.00, 80.00, 500
08/16/16, 80.00, 80.00, 80.00, 80.00, 600
08/11/16, 75.00, 75.00, 75.00, 75.00, 1000
08/08/16, 76.00, 76.00, 76.00, 76.00, 400
08/03/16, 76.00, 77.00, 76.00, 76.00, 900
08/02/16, 76.00, 76.00, 76.00, 76.00, 100
07/29/16, 76.00, 76.00, 76.00, 76.00, 800
07/27/16, 80.00, 80.00, 80.00, 80.00, 100
07/25/16, 76.00, 76.00, 76.00, 76.00, 100
07/22/16, 80.00, 80.00, 80.00, 80.00, 100
07/21/16, 80.00, 80.00, 80.00, 80.00, 1000
07/20/16, 80.00, 80.00, 80.00, 80.00, 2000
07/19/16, 84.00, 88.00, 80.00, 84.00, 400
07/18/16, 80.00, 81.00, 80.00, 80.00, 800
07/13/16, 80.00, 80.00, 80.00, 80.00, 2900
07/12/16, 80.00, 80.00, 80.00, 80.00, 1000
07/11/16, 85.00, 85.00, 85.00, 85.00, 2000
07/01/16, 90.00, 90.00, 90.00, 90.00, 100
06/30/16, 90.00, 90.00, 90.00, 90.00, 100
06/29/16, 96.50, 99.00, 90.00, 96.50, 1400
06/27/16, 97.00, 97.00, 97.00, 97.00, 100
06/24/16, 95.00, 95.00, 95.00, 95.00, 100
06/23/16, 99.00, 99.00, 99.00, 99.00, 200
06/21/16, 100.00, 100.00, 100.00, 100.00, 2700
06/20/16, 100.00, 100.00, 100.00, 100.00, 500
06/17/16, 99.50, 100.00, 97.00, 99.50, 4800
06/16/16, 96.00, 97.00, 95.00, 96.00, 200
06/15/16, 88.50, 90.00, 87.00, 88.50, 1700
06/14/16, 86.00, 86.00, 86.00, 86.00, 200
06/13/16, 84.50, 85.00, 84.00, 84.50, 10500
06/10/16, 83.50, 84.00, 83.50, 83.50, 400
06/09/16, 80.00, 80.00, 80.00, 80.00, 500
06/08/16, 80.00, 80.00, 80.00, 80.00, 2500
06/03/16, 85.00, 85.00, 85.00, 85.00, 10800
06/02/16, 85.00, 85.00, 85.00, 85.00, 600
05/30/16, 78.50, 83.00, 77.00, 78.50, 2000
05/27/16, 85.00, 85.00, 85.00, 85.00, 400
05/26/16, 83.50, 85.00, 83.00, 83.50, 300
05/19/16, 80.00, 80.00, 80.00, 80.00, 3100
05/18/16, 80.00, 80.00, 80.00, 80.00, 1200
05/16/16, 80.00, 85.00, 80.00, 80.00, 1100
05/13/16, 80.00, 84.50, 80.00, 80.00, 3000
05/12/16, 84.50, 84.50, 84.50, 84.50, 100
05/09/16, 84.50, 84.50, 84.50, 84.50, 100
05/06/16, 84.00, 85.00, 82.50, 84.00, 4600
05/03/16, 85.00, 88.00, 85.00, 85.00, 1900
04/29/16, 90.00, 90.00, 90.00, 90.00, 100
04/27/16, 86.50, 87.00, 85.00, 86.50, 500
04/21/16, 88.50, 90.00, 87.00, 88.50, 500
04/20/16, 90.00, 90.00, 90.00, 90.00, 100
04/19/16, 88.00, 88.00, 88.00, 88.00, 2800
04/18/16, 89.00, 89.00, 89.00, 89.00, 300
04/14/16, 89.00, 89.50, 89.00, 89.00, 1200
04/13/16, 90.00, 93.00, 90.00, 90.00, 2600
04/12/16, 93.00, 99.00, 90.00, 93.00, 600
04/11/16, 90.00, 90.00, 90.00, 90.00, 500
04/08/16, 90.00, 90.50, 90.00, 90.00, 500
04/07/16, 90.00, 90.50, 90.00, 90.00, 300
04/04/16, 94.00, 94.00, 94.00, 94.00, 200
03/31/16, 94.00, 94.00, 94.00, 94.00, 100
03/23/16, 90.00, 90.00, 90.00, 90.00, 1700
03/21/16, 90.00, 90.00, 90.00, 90.00, 300
03/18/16, 90.00, 93.00, 90.00, 90.00, 4900
03/17/16, 93.00, 93.50, 92.50, 93.00, 600
03/14/16, 92.50, 94.00, 90.00, 92.50, 1000
03/11/16, 90.50, 92.00, 90.00, 90.50, 4200
03/10/16, 93.00, 94.00, 93.00, 93.00, 700
03/09/16, 94.00, 94.00, 94.00, 94.00, 1800
03/08/16, 93.50, 94.00, 93.00, 93.50, 700
03/07/16, 94.00, 94.00, 94.00, 94.00, 400
03/04/16, 91.00, 91.00, 91.00, 91.00, 100
03/02/16, 94.00, 94.00, 94.00, 94.00, 300
03/01/16, 90.00, 91.50, 90.00, 90.00, 1100
02/29/16, 95.00, 95.00, 95.00, 95.00, 400
02/26/16, 90.00, 90.00, 90.00, 90.00, 10000
02/25/16, 87.00, 90.00, 86.00, 87.00, 1200
02/24/16, 92.00, 92.00, 92.00, 92.00, 100
02/23/16, 90.00, 90.00, 90.00, 90.00, 400
02/19/16, 92.00, 100.00, 90.00, 92.00, 6800
02/18/16, 95.00, 97.50, 95.00, 95.00, 1800
02/17/16, 99.00, 100.00, 98.00, 99.00, 1100
02/16/16, 102.00, 105.00, 98.00, 102.00, 2900
02/15/16, 104.00, 104.00, 104.00, 104.00, 2200
02/12/16, 105.00, 111.00, 103.00, 105.00, 1700
02/11/16, 114.00, 121.00, 112.00, 114.00, 1600
02/10/16, 124.00, 129.00, 123.00, 124.00, 2600
02/09/16, 124.00, 124.00, 124.00, 124.00, 1000
02/08/16, 121.00, 121.00, 121.00, 121.00, 700
02/05/16, 120.00, 125.00, 115.00, 120.00, 800
02/04/16, 124.00, 124.00, 124.00, 124.00, 1100
02/03/16, 124.00, 134.00, 121.00, 124.00, 2300
02/02/16, 134.00, 134.00, 134.00, 134.00, 500
02/01/16, 148.00, 148.00, 148.00, 148.00, 100
01/28/16, 164.00, 164.00, 164.00, 164.00, 7800
01/27/16, 182.00, 182.00, 182.00, 182.00, 100
01/20/16, 202.00, 202.00, 202.00, 202.00, 100
01/08/16, 224.00, 235.00, 220.00, 224.00, 700
01/07/16, 234.00, 240.00, 225.00, 234.00, 2500
01/06/16, 225.00, 225.00, 225.00, 225.00, 4000
01/05/16, 205.00, 220.00, 200.00, 205.00, 2000
01/04/16, 200.00, 200.00, 200.00, 200.00, 800
12/29/15, 200.00, 200.00, 200.00, 200.00, 100
12/22/15, 193.00, 195.00, 188.00, 193.00, 3400
12/21/15, 178.00, 178.00, 178.00, 178.00, 100
12/09/15, 172.00, 172.00, 172.00, 172.00, 100
12/08/15, 157.00, 157.00, 157.00, 157.00, 500
12/03/15, 157.00, 157.00, 157.00, 157.00, 2300
11/24/15, 174.00, 174.00, 174.00, 174.00, 500
11/19/15, 174.00, 175.00, 172.00, 174.00, 3200
11/18/15, 175.00, 175.00, 175.00, 175.00, 4600
11/17/15, 175.00, 175.00, 175.00, 175.00, 100
10/30/15, 175.00, 175.00, 175.00, 175.00, 100
10/29/15, 179.00, 180.00, 179.00, 179.00, 1400
10/26/15, 179.00, 180.00, 175.00, 179.00, 1100
10/21/15, 175.00, 175.00, 175.00, 175.00, 100
10/16/15, 182.00, 182.00, 182.00, 182.00, 100
10/08/15, 182.00, 182.00, 182.00, 182.00, 100
10/05/15, 182.00, 183.00, 180.00, 182.00, 1700
09/29/15, 198.00, 199.00, 198.00, 198.00, 1000
09/28/15, 183.00, 183.00, 183.00, 183.00, 500
09/22/15, 199.00, 199.00, 199.00, 199.00, 300
09/21/15, 199.00, 199.00, 199.00, 199.00, 1000
09/15/15, 182.00, 182.00, 182.00, 182.00, 200
09/14/15, 200.00, 200.00, 200.00, 200.00, 600
09/09/15, 200.00, 200.00, 200.00, 200.00, 200
09/08/15, 217.00, 217.00, 217.00, 217.00, 1000
09/07/15, 198.00, 198.00, 198.00, 198.00, 200
09/03/15, 180.00, 180.00, 180.00, 180.00, 1600
09/02/15, 180.00, 180.00, 180.00, 180.00, 100
09/01/15, 193.00, 193.00, 193.00, 193.00, 600
08/28/15, 214.00, 215.00, 214.00, 214.00, 900
08/27/15, 215.00, 215.00, 215.00, 215.00, 1000
08/26/15, 215.00, 215.00, 215.00, 215.00, 900
08/25/15, 219.00, 220.00, 218.00, 219.00, 3100
08/24/15, 239.00, 239.00, 239.00, 239.00, 200
08/21/15, 218.00, 218.00, 218.00, 218.00, 200
08/20/15, 218.00, 218.00, 218.00, 218.00, 400
08/18/15, 218.00, 218.00, 218.00, 218.00, 200
08/17/15, 226.00, 230.00, 225.00, 226.00, 1600
08/14/15, 225.00, 225.00, 225.00, 225.00, 1000
08/12/15, 225.00, 225.00, 225.00, 225.00, 3000
08/11/15, 228.00, 228.00, 228.00, 228.00, 2000
08/10/15, 229.00, 230.00, 229.00, 229.00, 700
08/07/15, 228.00, 229.00, 228.00, 228.00, 1100
08/06/15, 221.00, 229.00, 218.00, 221.00, 300
08/05/15, 209.00, 218.00, 197.00, 209.00, 700
07/31/15, 218.00, 218.00, 218.00, 218.00, 500
07/30/15, 242.00, 242.00, 242.00, 242.00, 100
07/29/15, 220.00, 220.00, 220.00, 220.00, 500
07/27/15, 200.00, 200.00, 200.00, 200.00, 500
07/24/15, 190.00, 190.00, 190.00, 190.00, 200
07/23/15, 196.00, 200.00, 190.00, 196.00, 300
07/22/15, 190.00, 190.00, 190.00, 190.00, 100
07/21/15, 200.00, 200.00, 200.00, 200.00, 600
07/20/15, 190.00, 190.00, 190.00, 190.00, 200
07/17/15, 190.00, 190.00, 190.00, 190.00, 100
07/16/15, 199.00, 200.00, 187.00, 199.00, 3600
07/15/15, 190.00, 190.00, 190.00, 190.00, 100
07/14/15, 177.00, 185.00, 165.00, 177.00, 700
07/13/15, 170.00, 170.00, 170.00, 170.00, 300
07/09/15, 175.00, 175.00, 175.00, 175.00, 200
07/08/15, 160.00, 160.00, 160.00, 160.00, 500
07/07/15, 161.00, 174.00, 159.00, 161.00, 600
07/02/15, 159.00, 159.00, 159.00, 159.00, 600
07/01/15, 145.00, 145.00, 145.00, 145.00, 2900
05/22/15, 130.00, 130.00, 130.00, 130.00, 500
05/21/15, 130.00, 130.00, 130.00, 130.00, 100
05/19/15, 126.00, 126.00, 126.00, 126.00, 900
05/14/15, 116.00, 130.00, 115.00, 116.00, 4000
05/06/15, 125.00, 125.00, 125.00, 125.00, 500
05/04/15, 125.00, 125.00, 125.00, 125.00, 500
04/24/15, 125.00, 126.00, 125.00, 125.00, 200
04/23/15, 130.00, 130.00, 130.00, 130.00, 400
04/22/15, 130.00, 130.00, 130.00, 130.00, 100
04/17/15, 141.00, 141.00, 141.00, 141.00, 100
04/15/15, 130.00, 130.00, 130.00, 130.00, 200
04/14/15, 130.00, 130.00, 130.00, 130.00, 100
04/13/15, 130.00, 131.00, 130.00, 130.00, 300
03/23/15, 130.00, 130.00, 130.00, 130.00, 16200
03/12/15, 141.00, 141.00, 141.00, 141.00, 100
03/11/15, 141.00, 141.00, 141.00, 141.00, 200
03/04/15, 141.00, 141.00, 141.00, 141.00, 100
03/02/15, 141.00, 141.00, 141.00, 141.00, 100
02/27/15, 141.00, 141.00, 141.00, 141.00, 4100
02/26/15, 140.00, 140.00, 140.00, 140.00, 100
02/03/15, 141.00, 141.00, 141.00, 141.00, 3000
01/16/15, 150.00, 150.00, 150.00, 150.00, 400
01/13/15, 150.00, 150.00, 150.00, 150.00, 700
01/12/15, 150.00, 150.00, 150.00, 150.00, 300
01/08/15, 138.00, 138.00, 138.00, 138.00, 1000
01/07/15, 137.00, 138.00, 137.00, 137.00, 1800
12/03/14, 137.00, 137.00, 137.00, 137.00, 31800
12/01/14, 152.00, 153.00, 152.00, 152.00, 8600
11/28/14, 155.00, 155.00, 155.00, 155.00, 100
11/27/14, 148.00, 148.00, 148.00, 148.00, 200
11/25/14, 148.00, 148.00, 148.00, 148.00, 200
11/24/14, 148.00, 148.00, 148.00, 148.00, 1800
11/20/14, 148.00, 148.00, 148.00, 148.00, 200
11/19/14, 159.00, 159.00, 159.00, 159.00, 100
11/18/14, 145.00, 146.00, 140.00, 145.00, 600
11/13/14, 133.00, 133.00, 133.00, 133.00, 100
11/12/14, 130.00, 130.00, 130.00, 130.00, 300
11/04/14, 140.00, 140.00, 140.00, 140.00, 200
11/03/14, 155.00, 155.00, 155.00, 155.00, 5000
10/31/14, 155.00, 160.00, 155.00, 155.00, 2100
10/30/14, 156.00, 160.00, 153.00, 156.00, 200
10/29/14, 170.00, 170.00, 170.00, 170.00, 200
10/23/14, 175.00, 175.00, 175.00, 175.00, 100
10/22/14, 173.00, 175.00, 173.00, 173.00, 8400
10/21/14, 175.00, 175.00, 175.00, 175.00, 100
10/17/14, 174.00, 180.00, 172.00, 174.00, 2200
10/16/14, 165.00, 165.00, 165.00, 165.00, 100
10/10/14, 150.00, 150.00, 150.00, 150.00, 500
10/09/14, 151.00, 152.00, 150.00, 151.00, 3700
10/08/14, 150.00, 150.00, 150.00, 150.00, 1700
10/07/14, 150.00, 152.00, 149.00, 150.00, 1300
10/03/14, 149.00, 150.00, 141.00, 149.00, 5200
10/02/14, 141.00, 144.00, 135.00, 141.00, 5300
10/01/14, 135.00, 140.00, 135.00, 135.00, 2600
09/29/14, 144.00, 144.00, 144.00, 144.00, 1600
09/26/14, 131.00, 133.00, 120.00, 131.00, 1300
09/25/14, 133.00, 133.00, 133.00, 133.00, 1000
09/23/14, 133.00, 133.00, 133.00, 133.00, 300
09/19/14, 133.00, 133.00, 133.00, 133.00, 5000
09/15/14, 133.00, 133.00, 133.00, 133.00, 2300
09/09/14, 133.00, 133.00, 133.00, 133.00, 100
09/03/14, 133.00, 133.00, 133.00, 133.00, 100
08/29/14, 133.00, 133.00, 133.00, 133.00, 100
08/15/14, 133.00, 133.00, 133.00, 133.00, 200
08/12/14, 135.00, 135.00, 135.00, 135.00, 300
07/24/14, 135.00, 135.00, 135.00, 135.00, 200
07/23/14, 135.00, 135.00, 135.00, 135.00, 1300
07/15/14, 145.00, 145.00, 145.00, 145.00, 400
07/11/14, 145.00, 145.00, 145.00, 145.00, 100
07/09/14, 145.00, 145.00, 145.00, 145.00, 2800
07/08/14, 145.00, 145.00, 145.00, 145.00, 2500
07/07/14, 145.00, 145.00, 145.00, 145.00, 2500
07/04/14, 150.00, 150.00, 150.00, 150.00, 1000
07/02/14, 150.00, 150.00, 150.00, 150.00, 300
06/27/14, 153.00, 153.00, 153.00, 153.00, 1100
06/25/14, 152.00, 152.00, 152.00, 152.00, 800
06/20/14, 153.00, 153.00, 153.00, 153.00, 300
06/19/14, 150.00, 154.00, 150.00, 150.00, 1200
06/18/14, 144.00, 144.00, 144.00, 144.00, 200
06/09/14, 144.00, 144.00, 144.00, 144.00, 500
05/26/14, 156.00, 156.00, 156.00, 156.00, 1000
05/16/14, 144.00, 144.00, 144.00, 144.00, 200
05/15/14, 144.00, 144.00, 144.00, 144.00, 1800
05/14/14, 144.00, 144.00, 144.00, 144.00, 4400
05/09/14, 143.00, 143.00, 143.00, 143.00, 1700
05/08/14, 136.00, 136.00, 136.00, 136.00, 100
05/06/14, 136.00, 136.00, 136.00, 136.00, 400
04/29/14, 135.00, 135.00, 135.00, 135.00, 4100
04/28/14, 140.00, 140.00, 140.00, 140.00, 1800
04/25/14, 139.00, 139.00, 139.00, 139.00, 1200
04/23/14, 144.00, 144.00, 144.00, 144.00, 1300
04/16/14, 142.00, 144.00, 140.00, 142.00, 2100
04/15/14, 140.00, 140.00, 140.00, 140.00, 100
04/14/14, 140.00, 144.00, 140.00, 140.00, 5400
04/11/14, 144.00, 145.00, 144.00, 144.00, 800
04/08/14, 144.00, 144.00, 144.00, 144.00, 1100
03/31/14, 144.00, 144.00, 144.00, 144.00, 100
03/28/14, 145.00, 145.00, 145.00, 145.00, 300
03/24/14, 144.00, 145.00, 135.00, 144.00, 1100
03/21/14, 150.00, 150.00, 150.00, 150.00, 1300
03/18/14, 150.00, 150.00, 150.00, 150.00, 700
03/17/14, 150.00, 150.00, 150.00, 150.00, 600
03/14/14, 150.00, 150.00, 150.00, 150.00, 100
03/13/14, 150.00, 150.00, 150.00, 150.00, 4000
03/12/14, 150.00, 150.00, 150.00, 150.00, 3100
03/04/14, 157.00, 158.00, 157.00, 157.00, 6000
02/28/14, 160.00, 160.00, 160.00, 160.00, 2000
02/24/14, 158.00, 158.00, 158.00, 158.00, 400
02/21/14, 163.00, 163.00, 163.00, 163.00, 100
02/18/14, 164.00, 165.00, 160.00, 164.00, 1100
02/12/14, 160.00, 160.00, 160.00, 160.00, 100
02/11/14, 159.00, 160.00, 158.00, 159.00, 400
02/05/14, 160.00, 160.00, 160.00, 160.00, 600
02/04/14, 160.00, 160.00, 160.00, 160.00, 2000
02/03/14, 152.00, 160.00, 150.00, 152.00, 1100
01/30/14, 148.00, 150.00, 148.00, 148.00, 800
01/29/14, 148.00, 167.00, 148.00, 148.00, 2100
01/28/14, 152.00, 152.00, 152.00, 152.00, 200
01/27/14, 152.00, 160.00, 150.00, 152.00, 1800
01/24/14, 150.00, 150.00, 150.00, 150.00, 100
01/22/14, 137.00, 137.00, 137.00, 137.00, 100
01/20/14, 125.00, 125.00, 125.00, 125.00, 1100
01/14/14, 125.00, 125.00, 125.00, 125.00, 300
01/06/14, 125.00, 125.00, 125.00, 125.00, 3000
12/24/13, 125.00, 125.00, 125.00, 125.00, 200
12/23/13, 125.00, 125.00, 125.00, 125.00, 200
12/18/13, 135.00, 135.00, 135.00, 135.00, 1000
12/17/13, 135.00, 135.00, 135.00, 135.00, 800
12/16/13, 130.00, 130.00, 130.00, 130.00, 3400
12/11/13, 130.00, 130.00, 130.00, 130.00, 100
12/10/13, 130.00, 130.00, 130.00, 130.00, 1000
12/05/13, 129.00, 130.00, 127.00, 129.00, 700
12/03/13, 126.00, 126.00, 126.00, 126.00, 300
11/29/13, 126.00, 128.00, 125.00, 126.00, 400
11/28/13, 125.00, 126.00, 125.00, 125.00, 1000
11/26/13, 125.00, 125.00, 125.00, 125.00, 100
11/25/13, 125.00, 125.00, 125.00, 125.00, 300
11/21/13, 123.00, 123.00, 123.00, 123.00, 100
11/14/13, 125.00, 125.00, 125.00, 125.00, 300
11/11/13, 121.00, 121.00, 121.00, 121.00, 200
10/25/13, 120.00, 120.00, 120.00, 120.00, 2000
10/24/13, 118.00, 118.00, 118.00, 118.00, 300
10/18/13, 120.00, 120.00, 120.00, 120.00, 200
10/17/13, 118.00, 118.00, 118.00, 118.00, 900
10/16/13, 115.00, 115.00, 115.00, 115.00, 200
10/10/13, 112.00, 115.00, 110.00, 112.00, 1100
10/08/13, 110.00, 112.00, 110.00, 110.00, 1900
10/03/13, 110.00, 110.00, 110.00, 110.00, 100
09/20/13, 110.00, 110.00, 110.00, 110.00, 2000
09/03/13, 122.00, 122.00, 122.00, 122.00, 1000
08/22/13, 122.00, 122.00, 122.00, 122.00, 600
08/21/13, 122.00, 122.00, 122.00, 122.00, 1100
08/19/13, 122.00, 122.00, 122.00, 122.00, 200
08/15/13, 122.00, 122.00, 122.00, 122.00, 2600
08/08/13, 135.00, 135.00, 135.00, 135.00, 100
08/07/13, 125.00, 125.00, 125.00, 125.00, 1000
07/31/13, 125.00, 125.00, 125.00, 125.00, 900
07/30/13, 130.00, 135.00, 125.00, 130.00, 200
07/29/13, 135.00, 135.00, 135.00, 135.00, 600
07/25/13, 135.00, 135.00, 135.00, 135.00, 900
07/24/13, 135.00, 135.00, 135.00, 135.00, 100
07/22/13, 135.00, 135.00, 135.00, 135.00, 100
07/18/13, 135.00, 135.00, 135.00, 135.00, 100
07/11/13, 135.00, 135.00, 135.00, 135.00, 1400
07/02/13, 135.00, 135.00, 135.00, 135.00, 200
06/27/13, 135.00, 135.00, 135.00, 135.00, 100
06/26/13, 138.00, 139.00, 137.00, 138.00, 600
06/24/13, 144.00, 145.00, 144.00, 144.00, 300
06/21/13, 146.00, 147.00, 144.00, 146.00, 300
06/19/13, 147.00, 147.00, 147.00, 147.00, 1400
06/18/13, 147.00, 147.00, 147.00, 147.00, 900
06/17/13, 147.00, 150.00, 144.00, 147.00, 1200
06/14/13, 147.00, 148.00, 147.00, 147.00, 900
06/13/13, 147.00, 148.00, 144.00, 147.00, 3700
06/12/13, 146.00, 148.00, 146.00, 146.00, 1800
06/11/13, 148.00, 148.00, 148.00, 148.00, 400
06/10/13, 146.00, 148.00, 145.00, 146.00, 1900
06/07/13, 138.00, 138.00, 138.00, 138.00, 400
06/06/13, 138.00, 140.00, 136.00, 138.00, 500
06/04/13, 136.00, 144.00, 135.00, 136.00, 600
06/03/13, 131.00, 131.00, 131.00, 131.00, 200
05/31/13, 130.00, 132.00, 130.00, 130.00, 1100
05/30/13, 130.00, 130.00, 130.00, 130.00, 200
05/29/13, 129.00, 129.00, 129.00, 129.00, 200
05/24/13, 127.00, 127.00, 127.00, 127.00, 500
05/22/13, 130.00, 130.00, 130.00, 130.00, 400
05/21/13, 130.00, 130.00, 130.00, 130.00, 100
05/17/13, 125.00, 125.00, 125.00, 125.00, 200
05/15/13, 126.00, 126.00, 126.00, 126.00, 24600
05/13/13, 126.00, 126.00, 126.00, 126.00, 100
05/07/13, 130.00, 130.00, 130.00, 130.00, 200
05/06/13, 127.00, 130.00, 126.00, 127.00, 1700
05/02/13, 127.00, 130.00, 125.00, 127.00, 800
04/30/13, 125.00, 125.00, 125.00, 125.00, 1500
04/25/13, 125.00, 126.00, 125.00, 125.00, 3300
04/18/13, 130.00, 130.00, 130.00, 130.00, 100
04/17/13, 130.00, 130.00, 130.00, 130.00, 100
04/16/13, 125.00, 125.00, 125.00, 125.00, 100
04/08/13, 125.00, 125.00, 125.00, 125.00, 5000
04/05/13, 125.00, 125.00, 125.00, 125.00, 12000
04/04/13, 125.00, 125.00, 125.00, 125.00, 100
04/02/13, 125.00, 125.00, 125.00, 125.00, 100
03/28/13, 120.00, 120.00, 120.00, 120.00, 2000
03/26/13, 120.00, 120.00, 120.00, 120.00, 100
03/25/13, 125.00, 125.00, 125.00, 125.00, 100
03/21/13, 121.00, 121.00, 121.00, 121.00, 800
03/15/13, 115.00, 120.00, 115.00, 115.00, 1500
03/13/13, 120.00, 120.00, 120.00, 120.00, 1000
03/12/13, 120.00, 120.00, 120.00, 120.00, 2900
03/11/13, 115.00, 115.00, 115.00, 115.00, 2000
03/08/13, 115.00, 116.00, 115.00, 115.00, 6200
03/07/13, 115.00, 115.00, 115.00, 115.00, 1300
03/05/13, 115.00, 115.00, 115.00, 115.00, 400
03/01/13, 115.00, 115.00, 115.00, 115.00, 1000
02/28/13, 115.00, 115.00, 115.00, 115.00, 500
02/27/13, 115.00, 115.00, 115.00, 115.00, 200
02/12/13, 120.00, 120.00, 120.00, 120.00, 400
02/11/13, 120.00, 120.00, 120.00, 120.00, 100
02/01/13, 118.00, 118.00, 118.00, 118.00, 300
01/31/13, 112.00, 113.00, 111.00, 112.00, 600
01/30/13, 113.00, 113.00, 113.00, 113.00, 700
01/29/13, 118.00, 118.00, 118.00, 118.00, 200
01/24/13, 118.00, 118.00, 118.00, 118.00, 100
01/23/13, 118.00, 118.00, 118.00, 118.00, 100
01/22/13, 118.00, 118.00, 118.00, 118.00, 100
01/18/13, 118.00, 118.00, 118.00, 118.00, 300
01/16/13, 118.00, 118.00, 118.00, 118.00, 1500
01/14/13, 118.00, 118.00, 118.00, 118.00, 100
01/09/13, 118.00, 118.00, 118.00, 118.00, 300
01/08/13, 118.00, 118.00, 118.00, 118.00, 200
01/04/13, 118.00, 118.00, 118.00, 118.00, 2000
12/31/12, 118.00, 118.00, 118.00, 118.00, 100
12/18/12, 118.00, 118.00, 118.00, 118.00, 1500
12/13/12, 120.00, 120.00, 120.00, 120.00, 100
12/07/12, 120.00, 120.00, 120.00, 120.00, 200
11/27/12, 125.00, 125.00, 125.00, 125.00, 1400
11/26/12, 125.00, 125.00, 125.00, 125.00, 1600
11/22/12, 120.00, 120.00, 120.00, 120.00, 300
11/15/12, 120.00, 120.00, 120.00, 120.00, 400
11/14/12, 120.00, 120.00, 120.00, 120.00, 200
10/31/12, 125.00, 125.00, 125.00, 125.00, 1200
10/30/12, 120.00, 120.00, 120.00, 120.00, 500
10/29/12, 120.00, 120.00, 120.00, 120.00, 100
10/25/12, 120.00, 120.00, 120.00, 120.00, 400
10/24/12, 120.00, 120.00, 120.00, 120.00, 100
10/23/12, 120.00, 120.00, 120.00, 120.00, 400
10/22/12, 120.00, 120.00, 120.00, 120.00, 200
10/17/12, 125.00, 125.00, 125.00, 125.00, 1200
10/09/12, 120.00, 120.00, 120.00, 120.00, 200
10/04/12, 125.00, 125.00, 125.00, 125.00, 900
10/03/12, 125.00, 125.00, 125.00, 125.00, 700
09/26/12, 125.00, 125.00, 125.00, 125.00, 100
09/24/12, 125.00, 125.00, 125.00, 125.00, 300
09/14/12, 117.00, 117.00, 117.00, 117.00, 200
09/13/12, 117.00, 117.00, 117.00, 117.00, 500
09/05/12, 130.00, 130.00, 130.00, 130.00, 200
09/04/12, 130.00, 130.00, 130.00, 130.00, 700
08/23/12, 130.00, 130.00, 130.00, 130.00, 300
08/21/12, 135.00, 135.00, 135.00, 135.00, 200
08/17/12, 136.00, 136.00, 136.00, 136.00, 3900
08/16/12, 136.00, 138.00, 136.00, 136.00, 300
08/15/12, 138.00, 138.00, 138.00, 138.00, 200
08/13/12, 138.00, 139.00, 138.00, 138.00, 300
08/10/12, 139.00, 139.00, 139.00, 139.00, 200
08/09/12, 135.00, 135.00, 135.00, 135.00, 300
08/03/12, 139.00, 139.00, 139.00, 139.00, 100
08/02/12, 130.00, 130.00, 130.00, 130.00, 1000
08/01/12, 133.00, 135.00, 132.00, 133.00, 400
07/31/12, 135.00, 139.00, 132.00, 135.00, 300
07/30/12, 138.00, 138.00, 138.00, 138.00, 600
07/27/12, 135.00, 135.00, 135.00, 135.00, 1200
07/25/12, 132.00, 134.00, 132.00, 132.00, 1600
07/19/12, 132.00, 132.00, 132.00, 132.00, 200
07/18/12, 130.00, 132.00, 130.00, 130.00, 1100
07/17/12, 132.00, 132.00, 132.00, 132.00, 100
07/16/12, 132.00, 135.00, 130.00, 132.00, 1000
07/13/12, 135.00, 135.00, 135.00, 135.00, 1900
07/12/12, 139.00, 139.00, 139.00, 139.00, 200
07/11/12, 135.00, 135.00, 135.00, 135.00, 800
07/10/12, 132.00, 135.00, 132.00, 132.00, 2600
07/09/12, 132.00, 132.00, 132.00, 132.00, 1000
07/06/12, 130.00, 130.00, 130.00, 130.00, 1400
07/05/12, 130.00, 130.00, 130.00, 130.00, 700
07/04/12, 125.00, 130.00, 125.00, 125.00, 3400
07/02/12, 125.00, 125.00, 125.00, 125.00, 100
06/28/12, 135.00, 135.00, 135.00, 135.00, 1200
06/21/12, 144.00, 144.00, 144.00, 144.00, 300
06/19/12, 147.00, 147.00, 147.00, 147.00, 1600
06/18/12, 147.00, 147.00, 147.00, 147.00, 1300
06/15/12, 147.00, 147.00, 147.00, 147.00, 200
06/12/12, 148.00, 148.00, 148.00, 148.00, 400
06/11/12, 138.00, 140.00, 136.00, 138.00, 1000
06/08/12, 140.00, 140.00, 140.00, 140.00, 600
06/07/12, 136.00, 136.00, 136.00, 136.00, 100
06/06/12, 130.00, 130.00, 130.00, 130.00, 500
06/04/12, 136.00, 136.00, 136.00, 136.00, 500
05/31/12, 131.00, 135.00, 130.00, 131.00, 1600
05/30/12, 130.00, 130.00, 130.00, 130.00, 1300
05/24/12, 124.00, 124.00, 124.00, 124.00, 2700
05/21/12, 120.00, 120.00, 120.00, 120.00, 400
05/17/12, 120.00, 120.00, 120.00, 120.00, 500
05/16/12, 120.00, 120.00, 120.00, 120.00, 7200
05/15/12, 117.00, 117.00, 117.00, 117.00, 400
05/14/12, 120.00, 120.00, 120.00, 120.00, 600
05/10/12, 116.00, 116.00, 116.00, 116.00, 3100
05/09/12, 115.00, 115.00, 115.00, 115.00, 2000
05/08/12, 115.00, 116.00, 115.00, 115.00, 2100
05/07/12, 121.00, 121.00, 121.00, 121.00, 3100
05/04/12, 118.00, 118.00, 118.00, 118.00, 6900
05/03/12, 117.00, 121.00, 115.00, 117.00, 300
04/27/12, 115.00, 115.00, 115.00, 115.00, 1400
04/26/12, 115.00, 115.00, 115.00, 115.00, 2100
04/25/12, 115.00, 115.00, 115.00, 115.00, 1600
04/24/12, 115.00, 115.00, 115.00, 115.00, 1700
04/23/12, 115.00, 116.00, 115.00, 115.00, 4100
04/16/12, 121.00, 121.00, 121.00, 121.00, 200
04/10/12, 121.00, 121.00, 121.00, 121.00, 100
04/05/12, 120.00, 121.00, 120.00, 120.00, 1000
04/03/12, 114.00, 114.00, 114.00, 114.00, 100
03/30/12, 121.00, 121.00, 121.00, 121.00, 1000
03/27/12, 121.00, 121.00, 121.00, 121.00, 200
03/26/12, 112.00, 112.00, 112.00, 112.00, 100
03/22/12, 123.00, 123.00, 123.00, 123.00, 5000
03/20/12, 112.00, 112.00, 112.00, 112.00, 500
03/16/12, 123.00, 123.00, 123.00, 123.00, 100
03/14/12, 120.00, 120.00, 120.00, 120.00, 300
03/13/12, 120.00, 123.00, 120.00, 120.00, 700
03/08/12, 123.00, 123.00, 123.00, 123.00, 200
03/07/12, 123.00, 123.00, 123.00, 123.00, 300
03/05/12, 123.00, 124.00, 123.00, 123.00, 4900
03/01/12, 123.00, 123.00, 123.00, 123.00, 100
02/23/12, 115.00, 115.00, 115.00, 115.00, 2400
02/21/12, 123.00, 123.00, 123.00, 123.00, 600
02/20/12, 123.00, 123.00, 123.00, 123.00, 700
02/17/12, 125.00, 125.00, 125.00, 125.00, 1000
02/16/12, 115.00, 115.00, 115.00, 115.00, 100
02/15/12, 125.00, 125.00, 125.00, 125.00, 600
02/14/12, 125.00, 125.00, 125.00, 125.00, 2400
02/13/12, 125.00, 125.00, 125.00, 125.00, 800
02/10/12, 125.00, 125.00, 125.00, 125.00, 11200
02/09/12, 125.00, 125.00, 125.00, 125.00, 600
01/27/12, 114.00, 114.00, 114.00, 114.00, 600
01/26/12, 115.00, 115.00, 115.00, 115.00, 200
01/25/12, 115.00, 115.00, 115.00, 115.00, 200
01/24/12, 120.00, 120.00, 120.00, 120.00, 1000
01/19/12, 120.00, 120.00, 120.00, 120.00, 100
01/16/12, 125.00, 125.00, 125.00, 125.00, 300
01/11/12, 120.00, 120.00, 120.00, 120.00, 1000
01/09/12, 120.00, 120.00, 120.00, 120.00, 1000
01/03/12, 120.00, 125.00, 115.00, 120.00, 400
12/28/11, 125.00, 125.00, 125.00, 125.00, 100
12/23/11, 125.00, 125.00, 125.00, 125.00, 200
12/21/11, 125.00, 125.00, 125.00, 125.00, 100
11/16/11, 125.00, 125.00, 125.00, 125.00, 2000
11/15/11, 120.00, 120.00, 120.00, 120.00, 200
11/11/11, 122.00, 125.00, 120.00, 122.00, 1000
11/04/11, 125.00, 125.00, 125.00, 125.00, 200
11/03/11, 127.00, 127.00, 127.00, 127.00, 100
11/02/11, 125.00, 125.00, 125.00, 125.00, 1000
11/01/11, 125.00, 125.00, 125.00, 125.00, 4600
10/27/11, 114.00, 114.00, 114.00, 114.00, 11100
10/26/11, 114.00, 114.00, 114.00, 114.00, 1000
10/24/11, 123.00, 125.00, 120.00, 123.00, 1600
10/21/11, 114.00, 114.00, 114.00, 114.00, 3000
10/19/11, 105.00, 105.00, 105.00, 105.00, 700
10/17/11, 97.00, 100.00, 97.00, 97.00, 24600
10/14/11, 96.50, 97.00, 95.00, 96.50, 1200
10/11/11, 99.00, 99.00, 99.00, 99.00, 1500
10/10/11, 99.00, 99.00, 99.00, 99.00, 1000
10/07/11, 100.00, 100.00, 100.00, 100.00, 9500
10/06/11, 96.00, 96.00, 96.00, 96.00, 400
10/05/11, 96.00, 96.00, 96.00, 96.00, 1100
10/04/11, 96.00, 96.00, 96.00, 96.00, 1800
10/03/11, 97.00, 97.00, 97.00, 97.00, 1100
09/30/11, 99.50, 99.50, 99.50, 99.50, 9500
09/28/11, 97.50, 105.00, 97.00, 97.50, 1300
09/23/11, 97.00, 98.00, 96.00, 97.00, 300
09/22/11, 96.00, 96.00, 96.00, 96.00, 100
09/20/11, 95.50, 95.50, 95.50, 95.50, 200
09/15/11, 100.00, 100.00, 100.00, 100.00, 1400
09/14/11, 100.00, 100.00, 100.00, 100.00, 100
09/12/11, 105.00, 105.00, 105.00, 105.00, 1000
09/09/11, 105.00, 105.00, 105.00, 105.00, 3000
09/08/11, 108.00, 108.00, 108.00, 108.00, 1000
09/07/11, 108.00, 108.00, 108.00, 108.00, 2500
08/29/11, 108.00, 108.00, 108.00, 108.00, 100
08/19/11, 120.00, 120.00, 120.00, 120.00, 100
08/17/11, 115.00, 115.00, 115.00, 115.00, 1100
08/12/11, 115.00, 115.00, 115.00, 115.00, 100
08/11/11, 112.00, 112.00, 112.00, 112.00, 200
08/10/11, 115.00, 115.00, 115.00, 115.00, 100
08/01/11, 120.00, 120.00, 120.00, 120.00, 2000
07/22/11, 125.00, 125.00, 125.00, 125.00, 7300
07/20/11, 130.00, 130.00, 130.00, 130.00, 200
07/19/11, 130.00, 130.00, 130.00, 130.00, 1000
07/12/11, 134.00, 134.00, 134.00, 134.00, 200
07/08/11, 134.00, 134.00, 134.00, 134.00, 100
07/07/11, 134.00, 134.00, 134.00, 134.00, 100
07/06/11, 134.00, 134.00, 134.00, 134.00, 300
07/05/11, 135.00, 135.00, 135.00, 135.00, 100
07/01/11, 135.00, 135.00, 135.00, 135.00, 100
06/30/11, 135.00, 135.00, 135.00, 135.00, 100
06/29/11, 134.00, 134.00, 134.00, 134.00, 1400
06/28/11, 130.00, 130.00, 130.00, 130.00, 100
06/27/11, 130.00, 130.00, 130.00, 130.00, 800
06/24/11, 120.00, 120.00, 120.00, 120.00, 500
06/23/11, 113.00, 113.00, 113.00, 113.00, 900
06/22/11, 106.00, 106.00, 106.00, 106.00, 100
06/21/11, 105.00, 105.00, 105.00, 105.00, 100
06/14/11, 103.00, 103.00, 103.00, 103.00, 300
05/26/11, 103.00, 103.00, 103.00, 103.00, 200
05/23/11, 108.00, 108.00, 108.00, 108.00, 100
05/11/11, 105.00, 105.00, 105.00, 105.00, 100
05/09/11, 112.00, 112.00, 112.00, 112.00, 100
05/05/11, 112.00, 112.00, 112.00, 112.00, 200
04/27/11, 110.00, 110.00, 110.00, 110.00, 200
04/26/11, 105.00, 105.00, 105.00, 105.00, 200
04/07/11, 105.00, 105.00, 105.00, 105.00, 400
04/05/11, 105.00, 105.00, 105.00, 105.00, 400
04/01/11, 105.00, 105.00, 105.00, 105.00, 300
03/21/11, 115.00, 115.00, 115.00, 115.00, 1400
03/10/11, 115.00, 115.00, 115.00, 115.00, 700
03/09/11, 115.00, 115.00, 115.00, 115.00, 2000
02/22/11, 125.00, 125.00, 125.00, 125.00, 100
02/18/11, 125.00, 125.00, 125.00, 125.00, 200
02/08/11, 124.00, 124.00, 124.00, 124.00, 600
02/04/11, 130.00, 130.00, 130.00, 130.00, 100
01/31/11, 130.00, 130.00, 130.00, 130.00, 300
01/26/11, 130.00, 130.00, 130.00, 130.00, 2500
01/25/11, 130.00, 130.00, 130.00, 130.00, 1300
01/20/11, 125.00, 125.00, 125.00, 125.00, 500
01/18/11, 130.00, 130.00, 130.00, 130.00, 1000
01/17/11, 130.00, 130.00, 130.00, 130.00, 200
01/12/11, 130.00, 130.00, 130.00, 130.00, 900
01/10/11, 132.00, 132.00, 132.00, 132.00, 100
01/07/11, 121.00, 121.00, 121.00, 121.00, 100
01/06/11, 110.00, 110.00, 110.00, 110.00, 100
12/24/10, 100.00, 100.00, 100.00, 100.00, 100
12/22/10, 110.00, 110.00, 110.00, 110.00, 100
12/21/10, 115.00, 115.00, 115.00, 115.00, 400
12/15/10, 115.00, 115.00, 115.00, 115.00, 200
12/14/10, 120.00, 120.00, 120.00, 120.00, 500
12/09/10, 120.00, 120.00, 120.00, 120.00, 500
12/07/10, 120.00, 120.00, 120.00, 120.00, 1000
12/03/10, 120.00, 120.00, 120.00, 120.00, 700
12/02/10, 120.00, 120.00, 120.00, 120.00, 400
11/30/10, 120.00, 120.00, 120.00, 120.00, 500
11/23/10, 120.00, 120.00, 120.00, 120.00, 100
11/18/10, 120.00, 120.00, 120.00, 120.00, 1100
11/16/10, 125.00, 125.00, 125.00, 125.00, 500
11/03/10, 130.00, 130.00, 130.00, 130.00, 100
10/21/10, 130.00, 130.00, 130.00, 130.00, 4100
10/07/10, 130.00, 130.00, 130.00, 130.00, 1000
10/04/10, 133.00, 133.00, 133.00, 133.00, 2000
10/01/10, 133.00, 133.00, 133.00, 133.00, 2600
09/30/10, 135.00, 135.00, 135.00, 135.00, 600
09/28/10, 135.00, 135.00, 135.00, 135.00, 1700
09/23/10, 135.00, 135.00, 135.00, 135.00, 5000
09/22/10, 133.00, 133.00, 133.00, 133.00, 7300
09/17/10, 131.00, 131.00, 131.00, 131.00, 4600
09/13/10, 145.00, 145.00, 145.00, 145.00, 100
09/08/10, 135.00, 135.00, 135.00, 135.00, 1500
09/06/10, 130.00, 130.00, 130.00, 130.00, 2400
09/03/10, 127.00, 127.00, 127.00, 127.00, 2000
09/02/10, 129.00, 129.00, 129.00, 129.00, 2400
08/25/10, 125.00, 125.00, 125.00, 125.00, 1200
08/24/10, 131.00, 131.00, 131.00, 131.00, 100
08/16/10, 145.00, 145.00, 145.00, 145.00, 100
08/11/10, 145.00, 145.00, 145.00, 145.00, 2200
08/10/10, 145.00, 145.00, 145.00, 145.00, 300
08/09/10, 141.00, 141.00, 141.00, 141.00, 600
08/05/10, 145.00, 145.00, 145.00, 145.00, 200
08/03/10, 149.00, 149.00, 149.00, 149.00, 600
07/29/10, 140.00, 140.00, 140.00, 140.00, 900
07/28/10, 140.00, 140.00, 140.00, 140.00, 400
07/27/10, 140.00, 140.00, 140.00, 140.00, 600
07/26/10, 142.00, 142.00, 142.00, 142.00, 1500
07/23/10, 145.00, 145.00, 145.00, 145.00, 200
07/22/10, 140.00, 140.00, 140.00, 140.00, 600
07/21/10, 144.00, 144.00, 144.00, 144.00, 1000
07/16/10, 140.00, 140.00, 140.00, 140.00, 3000
07/15/10, 140.00, 140.00, 140.00, 140.00, 300
07/14/10, 145.00, 145.00, 145.00, 145.00, 1100
07/13/10, 142.00, 142.00, 142.00, 142.00, 2800
07/12/10, 147.00, 147.00, 147.00, 147.00, 400
07/09/10, 149.00, 149.00, 149.00, 149.00, 700
07/08/10, 149.00, 149.00, 149.00, 149.00, 2300
07/06/10, 150.00, 150.00, 150.00, 150.00, 1300
07/05/10, 150.00, 150.00, 150.00, 150.00, 200
07/02/10, 150.00, 150.00, 150.00, 150.00, 300
07/01/10, 150.00, 150.00, 150.00, 150.00, 5400
06/30/10, 149.00, 149.00, 149.00, 149.00, 2400
06/29/10, 145.00, 145.00, 145.00, 145.00, 5300
06/28/10, 144.00, 144.00, 144.00, 144.00, 5700
06/21/10, 140.00, 140.00, 140.00, 140.00, 200
06/17/10, 140.00, 140.00, 140.00, 140.00, 200
06/16/10, 138.00, 138.00, 138.00, 138.00, 200
06/15/10, 138.00, 138.00, 138.00, 138.00, 700
06/14/10, 138.00, 138.00, 138.00, 138.00, 4800
06/11/10, 138.00, 138.00, 138.00, 138.00, 500
06/09/10, 138.00, 138.00, 138.00, 138.00, 1500
06/08/10, 138.00, 138.00, 138.00, 138.00, 100
06/03/10, 138.00, 138.00, 138.00, 138.00, 400
06/02/10, 138.00, 138.00, 138.00, 138.00, 200
05/31/10, 138.00, 138.00, 138.00, 138.00, 300
05/25/10, 138.00, 138.00, 138.00, 138.00, 1000
05/24/10, 139.00, 139.00, 139.00, 139.00, 1500
05/20/10, 143.00, 143.00, 143.00, 143.00, 2000
05/18/10, 140.00, 140.00, 140.00, 140.00, 100
05/17/10, 140.00, 140.00, 140.00, 140.00, 300
05/12/10, 140.00, 140.00, 140.00, 140.00, 500
05/11/10, 140.00, 140.00, 140.00, 140.00, 500
05/10/10, 140.00, 140.00, 140.00, 140.00, 500
05/05/10, 140.00, 140.00, 140.00, 140.00, 300
04/29/10, 139.00, 139.00, 139.00, 139.00, 500
04/27/10, 139.00, 139.00, 139.00, 139.00, 1000
04/26/10, 140.00, 140.00, 140.00, 140.00, 100
04/23/10, 138.00, 138.00, 138.00, 138.00, 1200
04/22/10, 139.00, 139.00, 139.00, 139.00, 1500
04/16/10, 145.00, 145.00, 145.00, 145.00, 200
04/09/10, 141.00, 141.00, 141.00, 141.00, 2600
04/07/10, 146.00, 146.00, 146.00, 146.00, 100
04/06/10, 149.00, 149.00, 149.00, 149.00, 60100
03/30/10, 146.00, 146.00, 146.00, 146.00, 200
03/26/10, 145.00, 145.00, 145.00, 145.00, 59100
03/24/10, 140.00, 140.00, 140.00, 140.00, 500
03/23/10, 140.00, 140.00, 140.00, 140.00, 500
03/22/10, 150.00, 150.00, 150.00, 150.00, 800
03/18/10, 166.00, 166.00, 166.00, 166.00, 200
03/17/10, 176.00, 176.00, 176.00, 176.00, 300
03/16/10, 175.00, 175.00, 175.00, 175.00, 3200
03/15/10, 166.00, 166.00, 166.00, 166.00, 4600
03/12/10, 152.00, 152.00, 152.00, 152.00, 3000
03/11/10, 148.00, 148.00, 148.00, 148.00, 23400
03/10/10, 137.00, 137.00, 137.00, 137.00, 40000
03/09/10, 139.00, 139.00, 139.00, 139.00, 2100
03/08/10, 127.00, 127.00, 127.00, 127.00, 5500
03/05/10, 117.00, 117.00, 117.00, 117.00, 1000
03/04/10, 107.00, 107.00, 107.00, 107.00, 5500
03/03/10, 100.00, 100.00, 100.00, 100.00, 500
03/02/10, 92.00, 92.00, 92.00, 92.00, 17800
02/26/10, 99.00, 99.00, 99.00, 99.00, 10000
02/24/10, 90.00, 90.00, 90.00, 90.00, 4200
02/23/10, 90.00, 90.00, 90.00, 90.00, 53700
01/04/10, 94.50, 94.50, 94.50, 94.50, 400
12/24/09, 86.00, 86.00, 86.00, 86.00, 400
12/21/09, 86.00, 86.00, 86.00, 86.00, 500
12/08/09, 86.00, 86.00, 86.00, 86.00, 1000
12/03/09, 86.00, 86.00, 86.00, 86.00, 600
12/01/09, 86.00, 86.00, 86.00, 86.00, 13700
11/30/09, 85.50, 85.50, 85.50, 85.50, 24000
11/20/09, 86.00, 86.00, 86.00, 86.00, 100
11/17/09, 90.00, 90.00, 90.00, 90.00, 2000
11/16/09, 86.00, 86.00, 86.00, 86.00, 200
11/13/09, 88.00, 88.00, 88.00, 88.00, 5000
11/11/09, 80.00, 80.00, 80.00, 80.00, 1800
10/30/09, 80.00, 80.00, 80.00, 80.00, 100
10/29/09, 80.00, 80.00, 80.00, 80.00, 200
10/28/09, 80.00, 80.00, 80.00, 80.00, 300
10/27/09, 80.00, 80.00, 80.00, 80.00, 200
10/23/09, 80.00, 80.00, 80.00, 80.00, 100
10/05/09, 85.00, 85.00, 85.00, 85.00, 1400
08/11/09, 85.00, 85.00, 85.00, 85.00, 100
08/10/09, 85.00, 85.00, 85.00, 85.00, 100
08/07/09, 92.50, 92.50, 92.50, 92.50, 9500
08/06/09, 98.50, 98.50, 98.50, 98.50, 7500
08/05/09, 96.00, 96.00, 96.00, 96.00, 29900
08/03/09, 88.50, 88.50, 88.50, 88.50, 3000
07/31/09, 83.50, 83.50, 83.50, 83.50, 2900
07/30/09, 77.00, 77.00, 77.00, 77.00, 1000
07/29/09, 70.00, 70.00, 70.00, 70.00, 500
07/28/09, 65.50, 65.50, 65.50, 65.50, 17400
07/27/09, 65.00, 65.00, 65.00, 65.00, 200
07/23/09, 65.00, 65.00, 65.00, 65.00, 100
07/22/09, 65.00, 65.00, 65.00, 65.00, 300
07/17/09, 65.00, 65.00, 65.00, 65.00, 500
07/10/09, 66.00, 66.00, 66.00, 66.00, 400
07/08/09, 66.00, 66.00, 66.00, 66.00, 100
06/30/09, 66.00, 66.00, 66.00, 66.00, 700
06/26/09, 66.00, 66.00, 66.00, 66.00, 500
06/24/09, 65.00, 65.00, 65.00, 65.00, 900
06/22/09, 65.00, 65.00, 65.00, 65.00, 400
06/19/09, 65.00, 65.00, 65.00, 65.00, 100
06/03/09, 65.00, 65.00, 65.00, 65.00, 1000
06/02/09, 65.00, 65.00, 65.00, 65.00, 1800
05/14/09, 63.00, 63.00, 63.00, 63.00, 1000
05/12/09, 60.00, 60.00, 60.00, 60.00, 2000
05/08/09, 60.00, 60.00, 60.00, 60.00, 400
05/04/09, 63.00, 63.00, 63.00, 63.00, 400
04/30/09, 63.00, 63.00, 63.00, 63.00, 500
04/24/09, 68.00, 68.00, 68.00, 68.00, 3000
04/22/09, 67.00, 67.00, 67.00, 67.00, 1300
03/05/09, 68.00, 68.00, 68.00, 68.00, 2200
01/12/09, 68.00, 68.00, 68.00, 68.00, 200
01/06/09, 62.00, 62.00, 62.00, 62.00, 100
12/31/08, 68.00, 68.00, 68.00, 68.00, 500
12/30/08, 70.00, 70.00, 70.00, 70.00, 3500
12/29/08, 70.00, 70.00, 70.00, 70.00, 5000
10/28/08, 70.00, 70.00, 70.00, 70.00, 3900
10/23/08, 70.00, 70.00, 70.00, 70.00, 2000
09/03/08, 75.00, 75.00, 75.00, 75.00, 100
09/02/08, 75.00, 75.00, 75.00, 75.00, 200
08/20/08, 75.00, 75.00, 75.00, 75.00, 100
08/01/08, 75.00, 75.00, 75.00, 75.00, 500
07/29/08, 75.00, 75.00, 75.00, 75.00, 3000
07/16/08, 75.00, 75.00, 75.00, 75.00, 600
07/10/08, 78.00, 78.00, 78.00, 78.00, 500
07/09/08, 78.00, 78.00, 78.00, 78.00, 200
07/08/08, 80.00, 80.00, 80.00, 80.00, 100
07/07/08, 78.00, 78.00, 78.00, 78.00, 100
07/03/08, 79.00, 79.00, 79.00, 79.00, 100
07/02/08, 79.00, 79.00, 79.00, 79.00, 8600
07/01/08, 79.00, 79.00, 79.00, 79.00, 100
06/26/08, 82.00, 82.00, 82.00, 82.00, 2200
06/25/08, 80.00, 80.00, 80.00, 80.00, 5000
05/26/08, 79.00, 79.00, 79.00, 79.00, 100
05/23/08, 78.00, 78.00, 78.00, 78.00, 10000
05/15/08, 76.00, 76.00, 76.00, 76.00, 200
05/13/08, 76.00, 76.00, 76.00, 76.00, 300
04/15/08, 76.00, 76.00, 76.00, 76.00, 1700
04/08/08, 76.00, 76.00, 76.00, 76.00, 400
04/01/08, 72.00, 72.00, 72.00, 72.00, 1000
03/27/08, 75.00, 75.00, 75.00, 75.00, 10000
03/26/08, 75.00, 75.00, 75.00, 75.00, 200
03/25/08, 75.00, 75.00, 75.00, 75.00, 10000
03/17/08, 72.00, 72.00, 72.00, 72.00, 600
03/14/08, 75.00, 75.00, 75.00, 75.00, 25000
03/12/08, 81.00, 81.00, 81.00, 81.00, 700
03/10/08, 90.00, 90.00, 90.00, 90.00, 100
03/05/08, 85.00, 85.00, 85.00, 85.00, 200
03/04/08, 89.50, 89.50, 89.50, 89.50, 500
02/29/08, 87.50, 87.50, 87.50, 87.50, 200
02/25/08, 90.00, 90.00, 90.00, 90.00, 1300
02/21/08, 90.00, 90.00, 90.00, 90.00, 1000
02/20/08, 90.00, 90.00, 90.00, 90.00, 3000
02/19/08, 90.00, 90.00, 90.00, 90.00, 1000
02/18/08, 90.00, 90.00, 90.00, 90.00, 1300
02/15/08, 83.00, 83.00, 83.00, 83.00, 100
02/13/08, 82.00, 82.00, 82.00, 82.00, 2500
02/11/08, 83.00, 83.00, 83.00, 83.00, 2200
02/08/08, 81.00, 81.00, 81.00, 81.00, 1100
02/07/08, 81.00, 81.00, 81.00, 81.00, 300
02/06/08, 81.00, 81.00, 81.00, 81.00, 3000
12/21/07, 90.00, 90.00, 90.00, 90.00, 1100
12/20/07, 84.00, 84.00, 84.00, 84.00, 2500
12/17/07, 90.00, 90.00, 90.00, 90.00, 100
11/29/07, 90.00, 90.00, 90.00, 90.00, 100
11/28/07, 98.00, 98.00, 98.00, 98.00, 2000
11/23/07, 98.00, 98.00, 98.00, 98.00, 100
11/16/07, 95.00, 95.00, 95.00, 95.00, 2000
11/13/07, 89.00, 89.00, 89.00, 89.00, 100
11/02/07, 90.00, 90.00, 90.00, 90.00, 300
10/05/07, 90.00, 90.00, 90.00, 90.00, 2200
10/03/07, 90.00, 90.00, 90.00, 90.00, 100
10/01/07, 95.00, 95.00, 95.00, 95.00, 300
09/26/07, 92.00, 92.00, 92.00, 92.00, 800
09/25/07, 94.00, 94.00, 94.00, 94.00, 100
09/17/07, 95.00, 95.00, 95.00, 95.00, 900
09/12/07, 95.50, 95.50, 95.50, 95.50, 1700
09/11/07, 92.00, 92.00, 92.00, 92.00, 500
09/06/07, 92.00, 92.00, 92.00, 92.00, 100
08/31/07, 90.50, 90.50, 90.50, 90.50, 2100
08/30/07, 93.00, 93.00, 93.00, 93.00, 300
08/28/07, 96.50, 96.50, 96.50, 96.50, 400
08/24/07, 93.00, 93.00, 93.00, 93.00, 400
08/15/07, 92.00, 92.00, 92.00, 92.00, 4500
08/14/07, 95.00, 95.00, 95.00, 95.00, 100
08/10/07, 95.00, 95.00, 95.00, 95.00, 500
08/09/07, 103.00, 103.00, 103.00, 103.00, 300
08/08/07, 107.00, 107.00, 107.00, 107.00, 900
08/02/07, 108.00, 108.00, 108.00, 108.00, 3800
07/31/07, 109.00, 109.00, 109.00, 109.00, 1400
07/30/07, 103.00, 103.00, 103.00, 103.00, 1200
07/27/07, 99.50, 99.50, 99.50, 99.50, 1100
07/24/07, 106.00, 106.00, 106.00, 106.00, 1000
07/23/07, 106.00, 106.00, 106.00, 106.00, 500
07/20/07, 105.00, 105.00, 105.00, 105.00, 500
07/19/07, 106.00, 106.00, 106.00, 106.00, 1400
07/18/07, 109.00, 109.00, 109.00, 109.00, 400
07/17/07, 105.00, 105.00, 105.00, 105.00, 100
07/16/07, 105.00, 105.00, 105.00, 105.00, 1000
07/13/07, 104.00, 104.00, 104.00, 104.00, 1100
07/12/07, 109.00, 109.00, 109.00, 109.00, 200
07/11/07, 109.00, 109.00, 109.00, 109.00, 2000
07/10/07, 108.00, 108.00, 108.00, 108.00, 2500
07/09/07, 107.00, 107.00, 107.00, 107.00, 5300
07/06/07, 108.00, 108.00, 108.00, 108.00, 100
07/05/07, 106.00, 106.00, 106.00, 106.00, 3700
07/04/07, 106.00, 106.00, 106.00, 106.00, 6400
07/02/07, 106.00, 106.00, 106.00, 106.00, 200
06/29/07, 112.00, 112.00, 112.00, 112.00, 5094
06/25/07, 112.00, 112.00, 112.00, 112.00, 800
06/11/07, 110.00, 110.00, 110.00, 110.00, 1800
05/30/07, 112.00, 112.00, 112.00, 112.00, 1000
05/24/07, 115.00, 115.00, 115.00, 115.00, 100
05/23/07, 115.00, 115.00, 115.00, 115.00, 5000
05/22/07, 115.00, 115.00, 115.00, 115.00, 200
05/21/07, 115.00, 115.00, 115.00, 115.00, 300
05/18/07, 115.00, 115.00, 115.00, 115.00, 1200
05/16/07, 115.00, 115.00, 115.00, 115.00, 1500
05/15/07, 114.00, 114.00, 114.00, 114.00, 2600
05/14/07, 117.00, 117.00, 117.00, 117.00, 100
05/11/07, 115.00, 115.00, 115.00, 115.00, 500
05/03/07, 117.00, 117.00, 117.00, 117.00, 1000
05/02/07, 120.00, 120.00, 120.00, 120.00, 900
04/26/07, 120.00, 120.00, 120.00, 120.00, 700
04/25/07, 117.00, 117.00, 117.00, 117.00, 100
04/24/07, 120.00, 120.00, 120.00, 120.00, 500
04/23/07, 117.00, 117.00, 117.00, 117.00, 1000
04/20/07, 115.00, 115.00, 115.00, 115.00, 2000
04/19/07, 115.00, 115.00, 115.00, 115.00, 100
04/18/07, 115.00, 115.00, 115.00, 115.00, 2200
04/17/07, 110.00, 110.00, 110.00, 110.00, 2300
04/16/07, 108.00, 108.00, 108.00, 108.00, 3000
04/13/07, 116.00, 116.00, 116.00, 116.00, 2300
04/12/07, 120.00, 120.00, 120.00, 120.00, 500
04/05/07, 120.00, 120.00, 120.00, 120.00, 2900
04/03/07, 120.00, 120.00, 120.00, 120.00, 4300
03/28/07, 112.00, 112.00, 112.00, 112.00, 6500
03/27/07, 105.00, 105.00, 105.00, 105.00, 2600
03/26/07, 105.00, 105.00, 105.00, 105.00, 2500
03/23/07, 105.00, 105.00, 105.00, 105.00, 100
03/22/07, 112.00, 112.00, 112.00, 112.00, 200
03/21/07, 121.00, 121.00, 121.00, 121.00, 600
03/19/07, 115.00, 115.00, 115.00, 115.00, 500
03/16/07, 115.00, 115.00, 115.00, 115.00, 300
03/14/07, 114.00, 114.00, 114.00, 114.00, 1300
03/13/07, 113.00, 113.00, 113.00, 113.00, 700
03/12/07, 115.00, 115.00, 115.00, 115.00, 200
03/08/07, 123.00, 123.00, 123.00, 123.00, 3000
03/06/07, 115.00, 115.00, 115.00, 115.00, 500
02/28/07, 118.00, 118.00, 118.00, 118.00, 1000
02/26/07, 122.00, 122.00, 122.00, 122.00, 3300
02/23/07, 125.00, 125.00, 125.00, 125.00, 800
02/22/07, 125.00, 125.00, 125.00, 125.00, 1200
02/21/07, 125.00, 125.00, 125.00, 125.00, 200
02/20/07, 125.00, 125.00, 125.00, 125.00, 900
02/16/07, 125.00, 125.00, 125.00, 125.00, 10100
02/14/07, 120.00, 120.00, 120.00, 120.00, 13100
02/13/07, 125.00, 125.00, 125.00, 125.00, 20500
02/12/07, 125.00, 125.00, 125.00, 125.00, 1500
02/09/07, 122.00, 122.00, 122.00, 122.00, 24500
02/08/07, 124.00, 124.00, 124.00, 124.00, 11400
02/07/07, 120.00, 120.00, 120.00, 120.00, 2500
02/06/07, 122.00, 122.00, 122.00, 122.00, 1600
02/05/07, 125.00, 125.00, 125.00, 125.00, 5000
02/02/07, 123.00, 123.00, 123.00, 123.00, 7400
02/01/07, 115.00, 115.00, 115.00, 115.00, 1300
01/31/07, 120.00, 120.00, 120.00, 120.00, 1200
01/30/07, 120.00, 120.00, 120.00, 120.00, 13600
01/29/07, 123.00, 123.00, 123.00, 123.00, 26151
01/26/07, 132.00, 132.00, 132.00, 132.00, 3600
01/25/07, 131.00, 131.00, 131.00, 131.00, 21200
01/24/07, 125.00, 125.00, 125.00, 125.00, 9500
01/23/07, 122.00, 122.00, 122.00, 122.00, 10100
01/19/07, 112.00, 112.00, 112.00, 112.00, 11300
01/18/07, 118.00, 118.00, 118.00, 118.00, 73400
01/17/07, 110.00, 110.00, 110.00, 110.00, 2500
01/16/07, 100.00, 100.00, 100.00, 100.00, 187300
01/15/07, 100.00, 100.00, 100.00, 100.00, 42200
01/12/07, 100.00, 100.00, 100.00, 100.00, 20800
01/11/07, 100.00, 100.00, 100.00, 100.00, 16800
01/10/07, 100.00, 100.00, 100.00, 100.00, 60000
01/09/07, 100.00, 100.00, 100.00, 100.00, 10800
01/08/07, 100.00, 100.00, 100.00, 100.00, 8100
01/05/07, 100.00, 100.00, 100.00, 100.00, 1400
01/04/07, 100.00, 100.00, 100.00, 100.00, 12600
01/03/07, 100.00, 100.00, 100.00, 100.00, 7600
01/02/07, 100.00, 100.00, 100.00, 100.00, 7800
12/29/06, 98.00, 98.00, 98.00, 98.00, 6300
12/28/06, 100.00, 100.00, 100.00, 100.00, 10000
12/22/06, 100.00, 100.00, 100.00, 100.00, 4000
12/21/06, 100.00, 100.00, 100.00, 100.00, 4100
12/20/06, 100.00, 100.00, 100.00, 100.00, 6100
12/19/06, 95.00, 95.00, 95.00, 95.00, 26614
12/18/06, 95.00, 95.00, 95.00, 95.00, 5900
12/13/06, 95.00, 95.00, 95.00, 95.00, 7800
12/11/06, 95.00, 95.00, 95.00, 95.00, 14000
12/06/06, 93.00, 93.00, 93.00, 93.00, 7000
12/05/06, 95.50, 95.50, 95.50, 95.50, 4200
12/04/06, 95.00, 95.00, 95.00, 95.00, 35000
12/01/06, 95.00, 95.00, 95.00, 95.00, 14400
11/30/06, 95.00, 95.00, 95.00, 95.00, 29900
11/29/06, 95.00, 95.00, 95.00, 95.00, 200
11/03/06, 82.50, 82.50, 82.50, 82.50, 2800
11/02/06, 81.00, 81.00, 81.00, 81.00, 100
10/18/06, 80.00, 80.00, 80.00, 80.00, 1000
09/25/06, 80.00, 80.00, 80.00, 80.00, 600
09/22/06, 80.00, 80.00, 80.00, 80.00, 100
09/20/06, 87.00, 87.00, 87.00, 87.00, 200
09/18/06, 85.00, 85.00, 85.00, 85.00, 4000
07/19/06, 87.00, 87.00, 87.00, 87.00, 500
07/04/06, 88.50, 88.50, 88.50, 88.50, 400
07/03/06, 93.50, 93.50, 93.50, 93.50, 200
06/28/06, 98.00, 98.00, 98.00, 98.00, 1660
06/27/06, 99.00, 99.00, 99.00, 99.00, 1000
06/21/06, 98.50, 98.50, 98.50, 98.50, 200
06/20/06, 102.00, 102.00, 102.00, 102.00, 200
06/16/06, 121.00, 121.00, 121.00, 121.00, 200
06/14/06, 130.00, 130.00, 130.00, 130.00, 2360
06/12/06, 130.00, 130.00, 130.00, 130.00, 500
05/31/06, 136.00, 136.00, 136.00, 136.00, 200
04/06/06, 148.00, 148.00, 148.00, 148.00, 20
03/30/06, 150.00, 150.00, 150.00, 150.00, 200
02/16/06, 150.00, 150.00, 150.00, 150.00, 250
02/08/06, 153.00, 153.00, 153.00, 153.00, 100
01/04/06, 153.00, 153.00, 153.00, 153.00, 300
12/09/05, 154.00, 154.00, 154.00, 154.00, 800
12/08/05, 154.00, 154.00, 154.00, 154.00, 65514
11/28/05, 154.00, 154.00, 154.00, 154.00, 1150
09/08/05, 156.00, 156.00, 156.00, 156.00, 1100
09/01/05, 160.00, 160.00, 160.00, 160.00, 5200
06/29/05, 185.00, 185.00, 185.00, 185.00, 100
06/27/05, 185.00, 185.00, 185.00, 185.00, 100
06/24/05, 184.00, 184.00, 184.00, 184.00, 600
06/14/05, 184.00, 184.00, 184.00, 184.00, 100
06/13/05, 180.00, 180.00, 180.00, 180.00, 1000
06/09/05, 178.00, 178.00, 178.00, 178.00, 6900
06/08/05, 166.00, 166.00, 166.00, 166.00, 3850
06/07/05, 151.00, 151.00, 151.00, 151.00, 200
06/06/05, 138.00, 138.00, 138.00, 138.00, 100
05/09/05, 126.00, 126.00, 126.00, 126.00, 2000
05/04/05, 120.00, 120.00, 120.00, 120.00, 120
04/26/05, 114.00, 114.00, 114.00, 114.00, 11850
04/21/05, 104.00, 104.00, 104.00, 104.00, 4500
12/31/04, 100.00, 100.00, 100.00, 100.00, 10060
04/02/04, 82.50, 82.50, 82.50, 82.50, 500
03/24/04, 100.00, 100.00, 100.00, 100.00, 4500
06/24/03, 105.00, 105.00, 105.00, 105.00, 280
06/04/03, 100.00, 100.00, 100.00, 100.00, 11850
11/19/01, 137.00, 137.00, 137.00, 137.00, 200
11/06/01, 140.00, 140.00, 140.00, 140.00, 5400
09/07/01, 140.00, 140.00, 140.00, 140.00, 100
08/29/01, 143.00, 143.00, 143.00, 143.00, 100
07/27/01, 145.00, 145.00, 145.00, 145.00, 100
03/26/01, 140.00, 140.00, 140.00, 140.00, 280
08/24/00, 150.00, 150.00, 150.00, 150.00, 280
08/15/00, 150.00, 150.00, 150.00, 150.00, 300
06/02/00, 150.00, 150.00, 150.00, 150.00, 100
04/18/00, 150.00, 150.00, 150.00, 150.00, 500
05/07/99, 150.00, 150.00, 150.00, 150.00, 2000
04/15/99, 144.00, 144.00, 144.00, 144.00, 5400
02/04/99, 125.00, 125.00, 125.00, 125.00, 500
01/22/99, 109.00, 109.00, 109.00, 109.00, 8108
11/12/98, 95.00, 95.00, 95.00, 95.00, 9560
07/27/98, 94.00, 94.00, 94.00, 94.00, 150
09/26/97, 70.00, 70.00, 70.00, 70.00, 1000